"Seller Account Number","Transaction Date Full Date","VIN","Arbitration Flag","Unit Mileage","Make","Model","Model Year","Final Purchase Price Total","Sale Fees","Expenses","Net Amt"
"5480213","2023/05/11 00:00:00","19XFB2F53CE381602","0","228051","Honda","Civic","2012","2000","180","0","1820"
"5480213","2023/05/18 00:00:00","2FMPK3J94GBC67234","1","92620","Ford","Edge","2016","","","",""
"5480213","2023/05/11 00:00:00","3FA6P0HRXDR154736","0","128651","Ford","Fusion","2013","3250","125","0","3125"
"5480213","2023/05/09 00:00:00","3N1AB7AP0DL774571","0","126647","Nissan","Sentra","2013","1600","165","0","1435"
"5480213","2023/05/03 00:00:00","2C4RDGCG5ER264146","0","108809","Dodge","Grand Caravan","2014","5800","290","0","5510"
"5480213","2023/05/16 00:00:00","KNAGM4A79F5661847","0","74715","Kia","Optima","2015","4900","105","0","4795"
"5480213","2023/05/11 00:00:00","4S4BRBCC9D3312298","0","192287","Subaru","Outback","2013","500","140","0","360"
"5480213","2023/05/24 00:00:00","2HGFA1F59BH521749","0","154761","Honda","Civic","2011","3600","105","0","3495"
"5480213","2023/05/03 00:00:00","5XYKUDA20DG411564","0","162963","Kia","Sorento","2013","4600","270","0","4330"
"5480213","2023/05/11 00:00:00","5N1AR18B78C655624","0","141337","Nissan","Pathfinder","2008","700","195","0","505"
"5480213","2023/05/18 00:00:00","1G1JC5SH5D4149992","0","","Chevrolet","Sonic","2013","2000","125","0","1875"
"5480213","2023/05/03 00:00:00","KNDMC5C1XF6018750","0","83000","Kia","","2015","3800","105","0","3695"
"5480213","2023/05/16 00:00:00","2HGES16531H544984","0","211896","Honda","Civic","2001","1400","105","0","1295"
"5480213","2023/05/16 00:00:00","JTKKU10469J044042","0","168725","Scion","xD","2009","1600","75","0","1525"
"5480213","2023/05/17 00:00:00","5UXKR0C53F0P12838","0","87467","BMW","X5","2015","16600","75","0","16525"
"5480213","2023/05/11 00:00:00","JTDKN3DU9A0169007","0","147543","Toyota","Prius V","2010","3200","235","0","2965"
"5480213","2023/05/16 00:00:00","4T1BG22K8VU813578","0","163925","Toyota","Camry","1997","600","140","0","460"
"5480213","2023/05/16 00:00:00","3N1AB7AP5HY283681","0","130959","Nissan","Sentra","2017","3400","265","0","3135"
"5480213","2023/05/16 00:00:00","JM1GJ1V69F1163070","0","184846","Mazda","Mazda6","2015","4900","265","0","4635"
"5480213","2023/05/16 00:00:00","KNDJT2A61D7520585","0","182333","Kia","Soul","2013","600","175","0","425"
"5480213","2023/05/18 00:00:00","3N1CE2CP2FL420473","0","110303","Nissan","Versa","2015","2300","155","0","2145"
"5480213","2023/05/18 00:00:00","1C3CCCAB2FN701368","0","108660","Chrysler","200","2015","2500","75","0","2425"
"5480213","2023/05/23 00:00:00","1G4HP52KXVH522388","0","192236","Buick","LeSabre","1997","300","130","0","170"
"5480213","2023/05/09 00:00:00","WAUEFAFL7DA161387","0","100398","Audi","A4","2013","6500","85","0","6415"
"5480213","2023/05/24 00:00:00","1FTFX1ET0BFD24158","0","123479","Ford","F-150","2011","3600","100","0","3500"
"5480213","2023/05/03 00:00:00","2C4RC1CG8CR134620","0","102110","Chrysler","Town & Country","2012","4500","75","0","4425"
"5480213","2023/05/24 00:00:00","1G1ZE5ST2GF246657","0","66391","Chevrolet","Malibu","2016","6300","130","0","6170"
"5480213","2023/05/24 00:00:00","1N4AL3AP6DN457158","0","123128","Nissan","Altima","2013","2700","100","0","2600"
"5480213","2023/05/03 00:00:00","1FMEU51808UA07722","0","101920","Ford","Explorer Sport Trac","2008","3500","105","0","3395"
"5480213","2023/05/16 00:00:00","1N4AL21EX8N432620","0","174668","Nissan","Altima","2008","400","75","0","325"
"5480213","2023/05/18 00:00:00","WF0DP3TH0H4118891","0","64063","Ford","","2017","29250","105","0","29145"
"5480213","2023/05/24 00:00:00","JTDKN3DU7C5528117","0","219467","Toyota","Prius","2012","4800","225","0","4575"
"5480213","2023/05/09 00:00:00","3VWBP7AJ0CM362834","0","198722","Volkswagen","Jetta","2012","1800","205","0","1595"
"5480213","2023/05/09 00:00:00","5FNYF3H6XBB001446","0","194713","Honda","Pilot","2011","2000","180","0","1820"
"5480213","2023/05/03 00:00:00","3VW4A7AJ3DM267793","0","80185","Volkswagen","GLI","2013","8500","275","0","8225"
"5480213","2023/05/16 00:00:00","YV1SZ59H941166886","0","195572","Volvo","V70","2004","600","45","0","555"
"5480213","2023/05/17 00:00:00","JN1AV7ARXEM701160","0","179144","Infiniti","Q50","2014","5600","105","0","5495"
"5480213","2023/05/19 00:00:00","4JGDF6EE8HA792682","0","","Mercedes-Benz","GLS","2017","25800","200","0","25600"
"5480213","2023/05/02 00:00:00","1C6RR7NT4GS327578","1","","Ram","1500","2016","25300","200","0","25100"
"5480213","2023/05/09 00:00:00","KMHFG4JG5CA121674","0","74226","Hyundai","Azera","2012","4800","215","0","4585"
"5480213","2023/05/02 00:00:00","1FMCU9EGXAKB12446","0","131707","Ford","Escape","2010","1500","125","0","1375"
"5480213","2023/05/04 00:00:00","3FAHP0HA2CR158670","0","220020","Ford","Fusion","2012","600","160","0","440"
"5480213","2023/05/18 00:00:00","2C3CDYAGXEH214805","0","71539","Dodge","Challenger","2014","11700","125","0","11575"
"5480213","2023/05/17 00:00:00","5J6RE4H72BL110027","0","191348","Honda","CR-V","2011","3400","75","0","3325"
"5480213","2023/05/17 00:00:00","1FTRW07642KE05382","0","193597","Ford","F-150","2002","2600","230","0","2370"
"5480213","2023/05/20 00:00:00","JM3KFBDM5M1494279","0","7300","Mazda","CX-5","2021","29000","200","0","28800"
"5480213","2023/05/02 00:00:00","1G11E5SL8EF219764","0","124556","Chevrolet","Malibu","2014","3500","105","0","3395"
"5480213","2023/05/03 00:00:00","SADFJ2FX1K1Z34161","0","29629","Jaguar","","2019","28100","130","0","27970"
"5480213","2023/05/10 00:00:00","1G2ZH158964131664","0","171383","Pontiac","G6","2006","700","100","0","600"
"5480213","2023/05/17 00:00:00","5XYZGDAG3BG071048","0","155564","Hyundai","Santa Fe","2011","3000","100","0","2900"
"5480213","2023/05/10 00:00:00","5GAKVCKD9DJ140416","0","78295","Buick","Enclave","2013","9000","100","0","8900"
"5480213","2023/05/04 00:00:00","3GTRKWE21AG259835","0","194554","GMC","Sierra 1500","2010","4500","175","0","4325"
"5480213","2023/05/12 00:00:00","1J4G258S7XC612047","0","171256","Jeep","Grand Cherokee","1999","500","-270","0","770"
"5480213","2023/05/24 00:00:00","3VWLP7AJ9CM364716","0","170323","Volkswagen","Jetta","2012","3000","240","0","2760"
"5480213","2023/05/19 00:00:00","WBA5B3C55ED535363","0","97785","BMW","5 Series","2014","9200","345","0","8855"
"5480213","2023/05/03 00:00:00","1FAHP2DWXBG145619","0","1","Ford","Taurus","2011","1000","220","0","780"
"5480213","2023/05/10 00:00:00","4T1BD1FK2CU022490","0","229026","Toyota","Camry","2012","4500","105","0","4395"
"5480213","2023/05/11 00:00:00","WMEEJ3BA9DK625549","0","45192","Smart","fortwo","2013","3400","155","0","3245"
"5480213","2023/05/09 00:00:00","WBAKB8C59CC962435","0","85153","BMW","7 SERIES","2012","2300","105","0","2195"
"5480213","2023/05/18 00:00:00","5TDDK3EH7BS093076","0","230573","Toyota","","2011","4800","245","0","4555"
"5480213","2023/05/09 00:00:00","3N1CE2CP9FL416890","0","123009","Nissan","Versa","2015","1500","135","0","1365"
"5480213","2023/05/10 00:00:00","JF2SH6AC4AH796186","0","165481","Subaru","Forester","2010","1400","100","0","1300"
"5480213","2023/05/17 00:00:00","WVWUF7AU3GW191768","0","119611","Volkswagen","Golf R","2016","13300","305","0","12995"
"5480213","2023/05/24 00:00:00","3VWD17AJ7EM393186","0","94634","Volkswagen","Jetta","2014","2100","105","0","1995"
"5480213","2023/05/10 00:00:00","19UUB1F34JA009526","0","226245","Acura","TLX","2018","6600","130","0","6470"
"5480213","2023/05/23 00:00:00","3N1AB6AP8AL610197","0","178761","Nissan","Sentra","2010","650","160","0","490"
"5480213","2023/05/16 00:00:00","5NPDH4AE4BH050742","0","173483","Hyundai","Elantra","2011","2000","180","0","1820"
"5480213","2023/05/17 00:00:00","1FTEW1EP4HKD90715","0","146114","Ford","F-150","2017","17800","365","0","17435"
"5480213","2023/05/03 00:00:00","WDC0G4KB5KV125349","0","37009","Mercedes-Benz","GLC-Class","2019","30300","100","0","30200"
"5480213","2023/05/04 00:00:00","3N1CN7AP3KL811612","0","63752","Nissan","Versa","2019","7250","105","0","7145"
"5480213","2023/05/17 00:00:00","WAUACGFF3F1030125","0","67982","Audi","A3","2015","6200","105","0","6095"
"5480213","2023/05/02 00:00:00","1Y1SK5361RZ107367","0","154968","Geo","Prizm","1994","400","100","0","300"
"5480213","2023/05/02 00:00:00","5TFDW5F13HX646374","1","80886","Toyota","Tundra","2017","33400","105","-500","33795"
"5480213","2023/05/16 00:00:00","KM8JN12D46U299954","0","148901","Hyundai","Tucson","2006","1100","105","0","995"
"5480213","2023/05/10 00:00:00","4S4BP66C997341941","0","234790","Subaru","Outback","2009","2100","215","0","1885"
"5480213","2023/05/03 00:00:00","1HGCR2F57GA058565","0","91000","Honda","Accord Sdn","2016","14600","335","0","14265"
