L0169 Corpus Christi CJD,,,,,
Store Input Sheet,,,,,
Pay Period Ending: 09/30/21,,,,,
Worker Name & ID,Worker Job Title,Hours,Earning or Deduction Code*,Amount,Notes
Aaron Johnson (200427),Service Technician - Class A,,Bonus - Non Pay Plan (BN1),350,
Aaron Johnson (200427),Service Technician - Class A,,Bonus - Non Pay Plan Bonus (BN1),250,
Aaron Johnson (200427),Service Technician - Class A,,Bonus - Cash Spiff (SPF),250,
Adan Zamora (94389),Service Technician - Class C,,Bonus - Non Pay Plan (BN1),350,
Adan Zamora (94389),Service Technician - Class C,,Bonus - Non Pay Plan (BN1),250,
Adan Zamora (94389),Service Technician - Class C,,Bonus - Cash Spiff (SPF),250,
Adolfo Landin (163656),Parts Driver,,,,
Adrian Gonzalez (238639),Porter,,,,
Alex Callahan (234691),Sales Representative,,Bonus - Non Pay Plan (BN1),1700,
Alex Callahan (234691),Sales Representative,,Bonus - Cash Spiff (SPF),1700,
Alexandria Miller (241811),Receptionist,,,,
Alynn Skinner (162964),General Manager,,,,
Alyssa Luna (171890),Centralized Invoicing Admin,,Bonus - Non Pay Plan (BN1),700,
Amanda Eiferd (173668),F&I Manager,,,,
America Munoz (241262),Receptionist,,,,
Andrea Armstrong (239695),Sales Representative,,,,
Andrew Spence (230191),Sales Desk Manager,,,,
Andrew Munoz (244950),Lot Attendant/Porter,,,,
Anthony Breaker (176690),Service Technician - Class B,,Bonus - Non Pay Plan (BN1),100,
Anthony Breaker (176690),Service Technician - Class B,,Bonus - Non Pay Plan (BN1),150,
Anthony Breaker (176690),Service Technician - Class B,,Bonus - Cash Spiff (SPF),150,
Ashley Cantu (181562),BDC Administrator,,Bonus - Pay Plan (BN2),1600,
Ashley Ramos (232675),Receptionist,,,,
Atley Emmons (241927),Detailer,,,,
Benito Flores (242755),Sales Representative,,Bonus - Non Pay Plan (BN1),450,
Benito Flores (242755),Sales Representative,,Bonus - Cash Spiff (SPF),450,
Benjamin Garcia (192968),F&I Manager,,,,
Benjamin Ramsey (233560),Service Technician - Class B,,Bonus - Non Pay Plan (BN1),235,
Benjamin Ramsey (233560),Service Technician - Class B,,Bonus - Cash Spiff (SPF),235,
Bianca Bueno (232612),Sales Representative,,Bonus - Non Pay Plan (BN1),150,
Bianca Bueno (232612),Sales Representative,,Bonus - Cash Spiff (SPF),150,
Brandi Gomez (231923),F&I Clerk,,,,
Brandon Ramirez (243425),Service Advisor,,,,
Brandon Quintanilla (243648),Internet Sales Representative,,,,
Brett Bargdill (230468),Sales Desk Manager,,Bonus - Non Pay Plan (BN1),300,
Brett Bargdill (230468),Sales Desk Manager,,Bonus - Cash Spiff (SPF),300,
Brian Carmona (239133),Sales Representative,,Bonus - Non Pay Plan (BN1),250,
Brian Carmona (239133),Sales Representative,,Bonus - Cash Spiff (SPF),250,
Bruce Benedict (173608),Service Technician - Class A,,Bonus - Non Pay Plan (BN1),350,
Bruce Benedict (173608),Service Technician - Class A,,Bonus - Non Pay Plan (BN1),250,
Bruce Benedict (173608),Service Technician - Class A,,Bonus - Cash Spiff (SPF),250,
Candy Villarreal (206322),F&I Clerk,,,,
Cassandra Bustamante (232300),Janitor,,,,
Charles Hernandez (238101),Porter,,,,
Christopher Witcraft (188791),Sales Desk Manager,,,,
Christopher Barrios (210936),Sales Representative,,Bonus - Non Pay Plan (BN1),250,
Christopher Barrios (210936),Sales Representative,,Bonus - Cash Spiff (SPF),250,
Cipriano Rodriguez (229238),Sales Representative,,Bonus - Non Pay Plan (BN1),450,
Cipriano Rodriguez (229238),Sales Representative,,Bonus - Cash Spiff (SPF),450,
Claudine Lawson (79269),Merchandising Administrator,,,,
Cornelius Halgryn (205123),Sales Representative,,,,
Courtney Leal (239629),Sales Representative,,,,
Damian Welch (242941),Sales Representative,,Bonus - Non Pay Plan (BN1),300,
Damian Welch (242941),Sales Representative,,Bonus - Cash Spiff (SPF),300,
Daniel Valverde (199968),Porter,,,,
Darren Steinle (238739),Porter,,,,
David Womack (79342),Parts Manager,,Bonus - Non Pay Plan (BN1),1736,
David Womack (79342),Parts Manager,,Bonus - Non Pay Plan (BN1),1200,
David Wylly (164162),Service Technician - Class A,,Bonus - Non Pay Plan (BN1),100,
David Wylly (164162),Service Technician - Class A,,Bonus - Non Pay Plan (BN1),150,
David Wylly (164162),Service Technician - Class A,,Bonus - Cash Spiff (SPF),150,
David Machado (165631),Service Advisor,,Bonus - Non Pay Plan (BN1),195,
David Machado (165631),Service Advisor,,Bonus - Cash Spiff (SPF),195,
Devin Martinez (99443),F&I Clerk,,,,
Douglas Alexander (On Leave) (92021),Sales Representative,,,,
Dylan Heflin (On Leave) (238500),Sales Representative,,,,
Felix Colon (234242),Sales Representative,,,,
Frances Rabara (234739),F&I Manager,,,,
Frank Rios (170865),Assistant Sales Manager,,,,
Gabriel Garcia (205262),Express Lube Advisor,,Bonus - Non Pay Plan (BN1),270,
Gabriel Garcia (205262),Express Lube Advisor,,Bonus - Cash Spiff (SPF),270,
Garrett Johnson (179656),Sales Representative,,Bonus - Non Pay Plan (BN1),100,
Garrett Johnson (179656),Sales Representative,,Bonus - Cash Spiff (SPF),100,
Gary Gordon (232730),Sales Desk Manager,,Bonus - Non Pay Plan (BN1),100,
Gary Gordon (232730),Sales Desk Manager,,Bonus - Cash Spiff (SPF),100,
Gary MacGregor (234426),Dealer Trade Driver,,,,
Gilbert Martinez (232146),Sales Representative,,Bonus - Non Pay Plan (BN1),100,
Gilbert Martinez (232146),Sales Representative,,Bonus - Cash Spiff (SPF),100,
Gloria Haynes (241225),Receptionist,,,,
Gregory Rodriguez (On Leave) (203855),Sales Representative,,,,
Israel Nanez (165857),Sales Desk Manager,,,,
Jacob Garcia (233481),Lube Technician - Class D,,,,
Jaydon Leeder (244908),Service Technician - Class A,,,,
Jeffery Van Duyn (204878),Parts Advisor,,,,
Jerald Deleon (178841),Shipping/Receiving Clerk,,,,
Jeremy Steinmeyer (232729),Sales Representative,,,,
Jerry Bibb (225048),Internet Sales Representative,,Bonus - Non Pay Plan (BN1),1300,
Jerry Bibb (225048),Internet Sales Representative,,Bonus - Cash Spiff (SPF),1300,
Joel Montez (176188),Detailer,,,,
Jonathan Emmons (195285),Service Advisor,,Bonus - Non Pay Plan (BN1),610,
Jonathan Emmons (195285),Service Advisor,,Bonus - Cash Spiff (SPF),610,
Jonathan Rodriguez (244633),Lube Technician - Class D,,,,
Jorge Reyes (10596),Sales Representative,,,,
Jose Rivera (79215),Service Technician - Class A,,Bonus - Non Pay Plan (BN1),100,
Jose Rivera (79215),Service Technician - Class A,,Bonus - Non Pay Plan (BN1),150,
Jose Rivera (79215),Service Technician - Class A,,Bonus - Cash Spiff (SPF),150,
Jose Ochoa (242622),Internet Sales Representative,,Bonus - Non Pay Plan (BN1),800,
Jose Ochoa (242622),Internet Sales Representative,,Bonus - Cash Spiff (SPF),800,
Joseph Moreno (95869),Shipping/Receiving Clerk,,,,
Joshua Brewer (232433),F&I Manager,,,,
Joshua Encinia (241824),Sales Representative,,Bonus - Non Pay Plan (BN1),300,
Joshua Encinia (241824),Sales Representative,,Bonus - Cash Spiff (SPF),300,
Juan Benavides (200589),Parts Advisor,,,,
Kayla Fuentes (206635),Sales Representative,,Bonus - Non Pay Plan (BN1),1850,
Kayla Fuentes (206635),Sales Representative,,Bonus - Cash Spiff (SPF),1850,
Kelly Spears (231424),Sales Representative,,Bonus - Non Pay Plan (BN1),350,
Kelly Spears (231424),Sales Representative,,Bonus - Cash Spiff (SPF),350,
Kennet Hernandez (204724),Lube Technician - Class D,,,,
Kevin Garza (243247),Sales Representative,,Bonus - Non Pay Plan (BN1),700,
Kevin Garza (243247),Sales Representative,,Bonus - Cash Spiff (SPF),700,
Lorenz Martinez (205619),Parts Advisor,,,,
Luis Ramirez (238352),Detailer,,,,
Luis Mortera (241166),Porter,,,,
Mariana Ceballos- Banda (171302),BDC Administrator,,Bonus - Pay Plan (BN2),1750,
Mario Flores (179292),Lube Technician - Class D,,,,
Marissa Alvarado (205622),Sales Representative,,Bonus - Non Pay Plan (BN1),1650,
Marissa Alvarado (205622),Sales Representative,,Bonus - Cash Spiff (SPF),1650,
Mark Quintanilla (240144),Sales Representative,,Bonus - Non Pay Plan (BN1),1025,
Mark Quintanilla (240144),Sales Representative,,Bonus - Cash Spiff (SPF),1025,
Maximilian Castillo (245105),Sales Representative,,,,
Melissa Ramos (166262),Detailer,,,,
Michael Baker (79331),Parts Advisor,,,,
Michael Castillo (172968),Service Technician - Class B,,,,
Michael Castillo (172968),Service Technician - Class B,,Bonus - Non Pay Plan (BN1),100,
Michael Castillo (172968),Service Technician - Class B,,Bonus - Cash Spiff (SPF),100,
Michael Dawes (On Leave) (208975),Sales Representative,,,,
Michael Rodriguez (232033),F&I Manager,,Bonus - Non Pay Plan (BN1),2292,
Michael-Edward Braun (238374),Sales Representative,,,,
Miguel Planas-Costas (207401),Lube Technician - Class D,,,,
Mitchell Clemens (241108),Lube Technician - Class D,,,,
Monica Lawhon (79312),Service Advisor,,Bonus - Non Pay Plan (BN1),510,
Monica Lawhon (79312),Service Advisor,,Bonus - Cash Spiff (SPF),510,
Nicholas Pacheco (196740),Sales Representative,,Bonus - Non Pay Plan (BN1),400,
Nicholas Pacheco (196740),Sales Representative,,Bonus - Cash Spiff (SPF),400,
Nicholas Timms (241954),Lube Technician - Class D,,,,
Noe Ramos (99303),Detail Manager,,,,
Paul Louck (239806),Sales Representative,,Bonus - Non Pay Plan (BN1),1050,
Paul Louck (239806),Sales Representative,,Bonus - Cash Spiff (SPF),1050,
Paul Villarreal (242209),Porter,,,,
Randy Garza (210695),Dispatch,,Bonus - Non Pay Plan (BN1),2000,
Raymond Wright (244138),Lot Attendant/Porter,,,,
Rebecca Aceves (232346),F&I Clerk,,,,
Robert Rivera (82738),Service Technician - Class B,,Bonus - Non Pay Plan (BN1),235,
Robert Rivera (82738),Service Technician - Class B,,Bonus - Cash Spiff (SPF),235,
Robert Nowell (164282),Dealer Trade Driver,,,,
Robert Jones (170688),Dealer Trade Driver,,,,
Robert Cervantes (181646),Sales Representative,,Bonus - Non Pay Plan (BN1),100,
Robert Cervantes (181646),Sales Representative,,Bonus - Cash Spiff (SPF),100,
Rodrigo Diaz (205193),Sales Representative,,Bonus - Non Pay Plan (BN1),300,
Rodrigo Diaz (205193),Sales Representative,,Bonus - Cash Spiff (SPF),300,
Roland Worden (238380),Sales Representative,,,,
Rory Ashurst (79257),Service Manager,,,,
Rosa Linda Rodarte (79350),Cashier/Receptionist,,,,
Ruben De La Cruz Jr (174873),Express Lube Advisor,,,,
Rudolfo Ramos (196156),Lube Technician - Class D,,,,
Samuel Pedraza (209092),F&I Manager,,,,
Santiago Marquez (233390),Sales Representative,,Bonus - Non Pay Plan (BN1),100,
Santiago Marquez (233390),Sales Representative,,Bonus - Cash Spiff (SPF),100,
Sarah Guerrero (162303),Warranty/Ins Administrator,,,,
Seth Ackerman (209368),Sales Representative,,Bonus - Non Pay Plan (BN1),1100,
Seth Ackerman (209368),Sales Representative,,Bonus - Cash Spiff (SPF),1100,
Steven Dick (79305),Assistant Service Manager,,,,
Steven Calaway (94482),Service Technician - Class A,,Bonus - Non Pay Plan (BN1),250,
Steven Calaway (94482),Service Technician - Class A,,Bonus - Cash Spiff (SPF),250,
Tomas Ynostroza (206253),Express Lube Advisor,,Bonus - Non Pay Plan (BN1),160,
Tomas Ynostroza (206253),Express Lube Advisor,,Bonus - Cash Spiff (SPF),160,
Valentin Mendez (89336),Dealer Trade Driver FT,,Bonus - Non Pay Plan (BN1),418.45,
Veronica Gonzalez (On Leave) (228750),F&I Manager,,,,
Walter Hall (79209),Service Technician - Class C,,,,
Waylin Doucet (232283),Lot Attendant/Porter,,,,
Wayne Bowen (96652),Service Technician - Class B,,Bonus - Non Pay Plan (BN1),235,
Wayne Bowen (96652),Service Technician - Class B,,Bonus - Cash Spiff (SPF),235,
Aaron Johnson (200427),Service Technician - Class A,,Bonus - Non Pay Plan (BN1),350,
Aaron Johnson (200427),Service Technician - Class A,,Bonus - Non Pay Plan Bonus (BN1),250,
Aaron Johnson (200427),Service Technician - Class A,,Bonus - Cash Spiff (SPF),250,
Adan Zamora (94389),Service Technician - Class C,,Bonus - Non Pay Plan (BN1),350,
Adan Zamora (94389),Service Technician - Class C,,Bonus - Non Pay Plan (BN1),250,
Adan Zamora (94389),Service Technician - Class C,,Bonus - Cash Spiff (SPF),250,
Adolfo Landin (163656),Parts Driver,,,,
Adrian Gonzalez (238639),Porter,,,,
Alex Callahan (234691),Sales Representative,,Bonus - Non Pay Plan (BN1),1700,
Alex Callahan (234691),Sales Representative,,Bonus - Cash Spiff (SPF),1700,
Alexandria Miller (241811),Receptionist,,,,
Alynn Skinner (162964),General Manager,,,,
Alyssa Luna (171890),Centralized Invoicing Admin,,Bonus - Non Pay Plan (BN1),700,
Amanda Eiferd (173668),F&I Manager,,,,
America Munoz (241262),Receptionist,,,,
Andrea Armstrong (239695),Sales Representative,,,,
Andrew Spence (230191),Sales Desk Manager,,,,
Andrew Munoz (244950),Lot Attendant/Porter,,,,
Anthony Breaker (176690),Service Technician - Class B,,Bonus - Non Pay Plan (BN1),100,
Anthony Breaker (176690),Service Technician - Class B,,Bonus - Non Pay Plan (BN1),150,
Anthony Breaker (176690),Service Technician - Class B,,Bonus - Cash Spiff (SPF),150,
Ashley Cantu (181562),BDC Administrator,,Bonus - Pay Plan (BN2),1600,
Ashley Ramos (232675),Receptionist,,,,
Atley Emmons (241927),Detailer,,,,
Benito Flores (242755),Sales Representative,,Bonus - Non Pay Plan (BN1),450,
Benito Flores (242755),Sales Representative,,Bonus - Cash Spiff (SPF),450,
Benjamin Garcia (192968),F&I Manager,,,,
Benjamin Ramsey (233560),Service Technician - Class B,,Bonus - Non Pay Plan (BN1),235,
Benjamin Ramsey (233560),Service Technician - Class B,,Bonus - Cash Spiff (SPF),235,
Bianca Bueno (232612),Sales Representative,,Bonus - Non Pay Plan (BN1),150,
Bianca Bueno (232612),Sales Representative,,Bonus - Cash Spiff (SPF),150,
Brandi Gomez (231923),F&I Clerk,,,,
Brandon Ramirez (243425),Service Advisor,,,,
Brandon Quintanilla (243648),Internet Sales Representative,,,,
Brett Bargdill (230468),Sales Desk Manager,,Bonus - Non Pay Plan (BN1),300,
Brett Bargdill (230468),Sales Desk Manager,,Bonus - Cash Spiff (SPF),300,
Brian Carmona (239133),Sales Representative,,Bonus - Non Pay Plan (BN1),250,
Brian Carmona (239133),Sales Representative,,Bonus - Cash Spiff (SPF),250,
Bruce Benedict (173608),Service Technician - Class A,,Bonus - Non Pay Plan (BN1),350,
Bruce Benedict (173608),Service Technician - Class A,,Bonus - Non Pay Plan (BN1),250,
Bruce Benedict (173608),Service Technician - Class A,,Bonus - Cash Spiff (SPF),250,
Candy Villarreal (206322),F&I Clerk,,,,
Cassandra Bustamante (232300),Janitor,,,,
Charles Hernandez (238101),Porter,,,,
Christopher Witcraft (188791),Sales Desk Manager,,,,
Christopher Barrios (210936),Sales Representative,,Bonus - Non Pay Plan (BN1),250,
Christopher Barrios (210936),Sales Representative,,Bonus - Cash Spiff (SPF),250,
Cipriano Rodriguez (229238),Sales Representative,,Bonus - Non Pay Plan (BN1),450,
Cipriano Rodriguez (229238),Sales Representative,,Bonus - Cash Spiff (SPF),450,
Claudine Lawson (79269),Merchandising Administrator,,,,
Cornelius Halgryn (205123),Sales Representative,,,,
Courtney Leal (239629),Sales Representative,,,,
Damian Welch (242941),Sales Representative,,Bonus - Non Pay Plan (BN1),300,
Damian Welch (242941),Sales Representative,,Bonus - Cash Spiff (SPF),300,
Daniel Valverde (199968),Porter,,,,
Darren Steinle (238739),Porter,,,,
David Womack (79342),Parts Manager,,Bonus - Non Pay Plan (BN1),1736,
David Womack (79342),Parts Manager,,Bonus - Non Pay Plan (BN1),1200,
David Wylly (164162),Service Technician - Class A,,Bonus - Non Pay Plan (BN1),100,
David Wylly (164162),Service Technician - Class A,,Bonus - Non Pay Plan (BN1),150,
David Wylly (164162),Service Technician - Class A,,Bonus - Cash Spiff (SPF),150,
David Machado (165631),Service Advisor,,Bonus - Non Pay Plan (BN1),195,
David Machado (165631),Service Advisor,,Bonus - Cash Spiff (SPF),195,
Devin Martinez (99443),F&I Clerk,,,,
Douglas Alexander (On Leave) (92021),Sales Representative,,,,
Dylan Heflin (On Leave) (238500),Sales Representative,,,,
Felix Colon (234242),Sales Representative,,,,
Frances Rabara (234739),F&I Manager,,,,
Frank Rios (170865),Assistant Sales Manager,,,,
Gabriel Garcia (205262),Express Lube Advisor,,Bonus - Non Pay Plan (BN1),270,
Gabriel Garcia (205262),Express Lube Advisor,,Bonus - Cash Spiff (SPF),270,
Garrett Johnson (179656),Sales Representative,,Bonus - Non Pay Plan (BN1),100,
Garrett Johnson (179656),Sales Representative,,Bonus - Cash Spiff (SPF),100,
Gary Gordon (232730),Sales Desk Manager,,Bonus - Non Pay Plan (BN1),100,
Gary Gordon (232730),Sales Desk Manager,,Bonus - Cash Spiff (SPF),100,
Gary MacGregor (234426),Dealer Trade Driver,,,,
Gilbert Martinez (232146),Sales Representative,,Bonus - Non Pay Plan (BN1),100,
Gilbert Martinez (232146),Sales Representative,,Bonus - Cash Spiff (SPF),100,
Gloria Haynes (241225),Receptionist,,,,
Gregory Rodriguez (On Leave) (203855),Sales Representative,,,,
Israel Nanez (165857),Sales Desk Manager,,,,
Jacob Garcia (233481),Lube Technician - Class D,,,,
Jaydon Leeder (244908),Service Technician - Class A,,,,
Jeffery Van Duyn (204878),Parts Advisor,,,,
Jerald Deleon (178841),Shipping/Receiving Clerk,,,,
Jeremy Steinmeyer (232729),Sales Representative,,,,
Jerry Bibb (225048),Internet Sales Representative,,Bonus - Non Pay Plan (BN1),1300,
Jerry Bibb (225048),Internet Sales Representative,,Bonus - Cash Spiff (SPF),1300,
Joel Montez (176188),Detailer,,,,
Jonathan Emmons (195285),Service Advisor,,Bonus - Non Pay Plan (BN1),610,
Jonathan Emmons (195285),Service Advisor,,Bonus - Cash Spiff (SPF),610,
Jonathan Rodriguez (244633),Lube Technician - Class D,,,,
Jorge Reyes (10596),Sales Representative,,,,
Jose Rivera (79215),Service Technician - Class A,,Bonus - Non Pay Plan (BN1),100,
Jose Rivera (79215),Service Technician - Class A,,Bonus - Non Pay Plan (BN1),150,
Jose Rivera (79215),Service Technician - Class A,,Bonus - Cash Spiff (SPF),150,
Jose Ochoa (242622),Internet Sales Representative,,Bonus - Non Pay Plan (BN1),800,
Jose Ochoa (242622),Internet Sales Representative,,Bonus - Cash Spiff (SPF),800,
Joseph Moreno (95869),Shipping/Receiving Clerk,,,,
Joshua Brewer (232433),F&I Manager,,,,
Joshua Encinia (241824),Sales Representative,,Bonus - Non Pay Plan (BN1),300,
Joshua Encinia (241824),Sales Representative,,Bonus - Cash Spiff (SPF),300,
Juan Benavides (200589),Parts Advisor,,,,
Kayla Fuentes (206635),Sales Representative,,Bonus - Non Pay Plan (BN1),1850,
Kayla Fuentes (206635),Sales Representative,,Bonus - Cash Spiff (SPF),1850,
Kelly Spears (231424),Sales Representative,,Bonus - Non Pay Plan (BN1),350,
Kelly Spears (231424),Sales Representative,,Bonus - Cash Spiff (SPF),350,
Kennet Hernandez (204724),Lube Technician - Class D,,,,
Kevin Garza (243247),Sales Representative,,Bonus - Non Pay Plan (BN1),700,
Kevin Garza (243247),Sales Representative,,Bonus - Cash Spiff (SPF),700,
Lorenz Martinez (205619),Parts Advisor,,,,
Luis Ramirez (238352),Detailer,,,,
Luis Mortera (241166),Porter,,,,
Mariana Ceballos- Banda (171302),BDC Administrator,,Bonus - Pay Plan (BN2),1750,
Mario Flores (179292),Lube Technician - Class D,,,,
Marissa Alvarado (205622),Sales Representative,,Bonus - Non Pay Plan (BN1),1650,
Marissa Alvarado (205622),Sales Representative,,Bonus - Cash Spiff (SPF),1650,
Mark Quintanilla (240144),Sales Representative,,Bonus - Non Pay Plan (BN1),1025,
Mark Quintanilla (240144),Sales Representative,,Bonus - Cash Spiff (SPF),1025,
Maximilian Castillo (245105),Sales Representative,,,,
Melissa Ramos (166262),Detailer,,,,
Michael Baker (79331),Parts Advisor,,,,
Michael Castillo (172968),Service Technician - Class B,,,,
Michael Castillo (172968),Service Technician - Class B,,Bonus - Non Pay Plan (BN1),100,
Michael Castillo (172968),Service Technician - Class B,,Bonus - Cash Spiff (SPF),100,
Michael Dawes (On Leave) (208975),Sales Representative,,,,
Michael Rodriguez (232033),F&I Manager,,Bonus - Non Pay Plan (BN1),2292,
Michael-Edward Braun (238374),Sales Representative,,,,
Miguel Planas-Costas (207401),Lube Technician - Class D,,,,
Mitchell Clemens (241108),Lube Technician - Class D,,,,
Monica Lawhon (79312),Service Advisor,,Bonus - Non Pay Plan (BN1),510,
Monica Lawhon (79312),Service Advisor,,Bonus - Cash Spiff (SPF),510,
Nicholas Pacheco (196740),Sales Representative,,Bonus - Non Pay Plan (BN1),400,
Nicholas Pacheco (196740),Sales Representative,,Bonus - Cash Spiff (SPF),400,
Nicholas Timms (241954),Lube Technician - Class D,,,,
Noe Ramos (99303),Detail Manager,,,,
Paul Louck (239806),Sales Representative,,Bonus - Non Pay Plan (BN1),1050,
Paul Louck (239806),Sales Representative,,Bonus - Cash Spiff (SPF),1050,
Paul Villarreal (242209),Porter,,,,
Randy Garza (210695),Dispatch,,Bonus - Non Pay Plan (BN1),2000,
Raymond Wright (244138),Lot Attendant/Porter,,,,
Rebecca Aceves (232346),F&I Clerk,,,,
Robert Rivera (82738),Service Technician - Class B,,Bonus - Non Pay Plan (BN1),235,
Robert Rivera (82738),Service Technician - Class B,,Bonus - Cash Spiff (SPF),235,
Robert Nowell (164282),Dealer Trade Driver,,,,
Robert Jones (170688),Dealer Trade Driver,,,,
Robert Cervantes (181646),Sales Representative,,Bonus - Non Pay Plan (BN1),100,
Robert Cervantes (181646),Sales Representative,,Bonus - Cash Spiff (SPF),100,
Rodrigo Diaz (205193),Sales Representative,,Bonus - Non Pay Plan (BN1),300,
Rodrigo Diaz (205193),Sales Representative,,Bonus - Cash Spiff (SPF),300,
Roland Worden (238380),Sales Representative,,,,
Rory Ashurst (79257),Service Manager,,,,
Rosa Linda Rodarte (79350),Cashier/Receptionist,,,,
Ruben De La Cruz Jr (174873),Express Lube Advisor,,,,
Rudolfo Ramos (196156),Lube Technician - Class D,,,,
Samuel Pedraza (209092),F&I Manager,,,,
Santiago Marquez (233390),Sales Representative,,Bonus - Non Pay Plan (BN1),100,
Santiago Marquez (233390),Sales Representative,,Bonus - Cash Spiff (SPF),100,
Sarah Guerrero (162303),Warranty/Ins Administrator,,,,
Seth Ackerman (209368),Sales Representative,,Bonus - Non Pay Plan (BN1),1100,
Seth Ackerman (209368),Sales Representative,,Bonus - Cash Spiff (SPF),1100,
Steven Dick (79305),Assistant Service Manager,,,,
Steven Calaway (94482),Service Technician - Class A,,Bonus - Non Pay Plan (BN1),250,
Steven Calaway (94482),Service Technician - Class A,,Bonus - Cash Spiff (SPF),250,
Tomas Ynostroza (206253),Express Lube Advisor,,Bonus - Non Pay Plan (BN1),160,
Tomas Ynostroza (206253),Express Lube Advisor,,Bonus - Cash Spiff (SPF),160,
Valentin Mendez (89336),Dealer Trade Driver FT,,Bonus - Non Pay Plan (BN1),418.45,
Veronica Gonzalez (On Leave) (228750),F&I Manager,,,,
Walter Hall (79209),Service Technician - Class C,,,,
Waylin Doucet (232283),Lot Attendant/Porter,,,,
Wayne Bowen (96652),Service Technician - Class B,,Bonus - Non Pay Plan (BN1),235,
Wayne Bowen (96652),Service Technician - Class B,,Bonus - Cash Spiff (SPF),235,
Aaron Johnson (200427),Service Technician - Class A,,Bonus - Non Pay Plan (BN1),350,
Aaron Johnson (200427),Service Technician - Class A,,Bonus - Non Pay Plan Bonus (BN1),250,
Aaron Johnson (200427),Service Technician - Class A,,Bonus - Cash Spiff (SPF),250,
Adan Zamora (94389),Service Technician - Class C,,Bonus - Non Pay Plan (BN1),350,
Adan Zamora (94389),Service Technician - Class C,,Bonus - Non Pay Plan (BN1),250,
Adan Zamora (94389),Service Technician - Class C,,Bonus - Cash Spiff (SPF),250,
Adolfo Landin (163656),Parts Driver,,,,
Adrian Gonzalez (238639),Porter,,,,
Alex Callahan (234691),Sales Representative,,Bonus - Non Pay Plan (BN1),1700,
Alex Callahan (234691),Sales Representative,,Bonus - Cash Spiff (SPF),1700,
Alexandria Miller (241811),Receptionist,,,,
Alynn Skinner (162964),General Manager,,,,
Alyssa Luna (171890),Centralized Invoicing Admin,,Bonus - Non Pay Plan (BN1),700,
Amanda Eiferd (173668),F&I Manager,,,,
America Munoz (241262),Receptionist,,,,
Andrea Armstrong (239695),Sales Representative,,,,
Andrew Spence (230191),Sales Desk Manager,,,,
Andrew Munoz (244950),Lot Attendant/Porter,,,,
Anthony Breaker (176690),Service Technician - Class B,,Bonus - Non Pay Plan (BN1),100,
Anthony Breaker (176690),Service Technician - Class B,,Bonus - Non Pay Plan (BN1),150,
Anthony Breaker (176690),Service Technician - Class B,,Bonus - Cash Spiff (SPF),150,
Ashley Cantu (181562),BDC Administrator,,Bonus - Pay Plan (BN2),1600,
Ashley Ramos (232675),Receptionist,,,,
Atley Emmons (241927),Detailer,,,,
Benito Flores (242755),Sales Representative,,Bonus - Non Pay Plan (BN1),450,
Benito Flores (242755),Sales Representative,,Bonus - Cash Spiff (SPF),450,
Benjamin Garcia (192968),F&I Manager,,,,
Benjamin Ramsey (233560),Service Technician - Class B,,Bonus - Non Pay Plan (BN1),235,
Benjamin Ramsey (233560),Service Technician - Class B,,Bonus - Cash Spiff (SPF),235,
Bianca Bueno (232612),Sales Representative,,Bonus - Non Pay Plan (BN1),150,
Bianca Bueno (232612),Sales Representative,,Bonus - Cash Spiff (SPF),150,
Brandi Gomez (231923),F&I Clerk,,,,
Brandon Ramirez (243425),Service Advisor,,,,
Brandon Quintanilla (243648),Internet Sales Representative,,,,
Brett Bargdill (230468),Sales Desk Manager,,Bonus - Non Pay Plan (BN1),300,
Brett Bargdill (230468),Sales Desk Manager,,Bonus - Cash Spiff (SPF),300,
Brian Carmona (239133),Sales Representative,,Bonus - Non Pay Plan (BN1),250,
Brian Carmona (239133),Sales Representative,,Bonus - Cash Spiff (SPF),250,
Bruce Benedict (173608),Service Technician - Class A,,Bonus - Non Pay Plan (BN1),350,
Bruce Benedict (173608),Service Technician - Class A,,Bonus - Non Pay Plan (BN1),250,
Bruce Benedict (173608),Service Technician - Class A,,Bonus - Cash Spiff (SPF),250,
Candy Villarreal (206322),F&I Clerk,,,,
Cassandra Bustamante (232300),Janitor,,,,
Charles Hernandez (238101),Porter,,,,
Christopher Witcraft (188791),Sales Desk Manager,,,,
Christopher Barrios (210936),Sales Representative,,Bonus - Non Pay Plan (BN1),250,
Christopher Barrios (210936),Sales Representative,,Bonus - Cash Spiff (SPF),250,
Cipriano Rodriguez (229238),Sales Representative,,Bonus - Non Pay Plan (BN1),450,
Cipriano Rodriguez (229238),Sales Representative,,Bonus - Cash Spiff (SPF),450,
Claudine Lawson (79269),Merchandising Administrator,,,,
Cornelius Halgryn (205123),Sales Representative,,,,
Courtney Leal (239629),Sales Representative,,,,
Damian Welch (242941),Sales Representative,,Bonus - Non Pay Plan (BN1),300,
Damian Welch (242941),Sales Representative,,Bonus - Cash Spiff (SPF),300,
Daniel Valverde (199968),Porter,,,,
Darren Steinle (238739),Porter,,,,
David Womack (79342),Parts Manager,,Bonus - Non Pay Plan (BN1),1736,
David Womack (79342),Parts Manager,,Bonus - Non Pay Plan (BN1),1200,
David Wylly (164162),Service Technician - Class A,,Bonus - Non Pay Plan (BN1),100,
David Wylly (164162),Service Technician - Class A,,Bonus - Non Pay Plan (BN1),150,
David Wylly (164162),Service Technician - Class A,,Bonus - Cash Spiff (SPF),150,
David Machado (165631),Service Advisor,,Bonus - Non Pay Plan (BN1),195,
David Machado (165631),Service Advisor,,Bonus - Cash Spiff (SPF),195,
Devin Martinez (99443),F&I Clerk,,,,
Douglas Alexander (On Leave) (92021),Sales Representative,,,,
Dylan Heflin (On Leave) (238500),Sales Representative,,,,
Felix Colon (234242),Sales Representative,,,,
Frances Rabara (234739),F&I Manager,,,,
Frank Rios (170865),Assistant Sales Manager,,,,
Gabriel Garcia (205262),Express Lube Advisor,,Bonus - Non Pay Plan (BN1),270,
Gabriel Garcia (205262),Express Lube Advisor,,Bonus - Cash Spiff (SPF),270,
Garrett Johnson (179656),Sales Representative,,Bonus - Non Pay Plan (BN1),100,
Garrett Johnson (179656),Sales Representative,,Bonus - Cash Spiff (SPF),100,
Gary Gordon (232730),Sales Desk Manager,,Bonus - Non Pay Plan (BN1),100,
Gary Gordon (232730),Sales Desk Manager,,Bonus - Cash Spiff (SPF),100,
Gary MacGregor (234426),Dealer Trade Driver,,,,
Gilbert Martinez (232146),Sales Representative,,Bonus - Non Pay Plan (BN1),100,
Gilbert Martinez (232146),Sales Representative,,Bonus - Cash Spiff (SPF),100,
Gloria Haynes (241225),Receptionist,,,,
Gregory Rodriguez (On Leave) (203855),Sales Representative,,,,
Israel Nanez (165857),Sales Desk Manager,,,,
Jacob Garcia (233481),Lube Technician - Class D,,,,
Jaydon Leeder (244908),Service Technician - Class A,,,,
Jeffery Van Duyn (204878),Parts Advisor,,,,
Jerald Deleon (178841),Shipping/Receiving Clerk,,,,
Jeremy Steinmeyer (232729),Sales Representative,,,,
Jerry Bibb (225048),Internet Sales Representative,,Bonus - Non Pay Plan (BN1),1300,
Jerry Bibb (225048),Internet Sales Representative,,Bonus - Cash Spiff (SPF),1300,
Joel Montez (176188),Detailer,,,,
Jonathan Emmons (195285),Service Advisor,,Bonus - Non Pay Plan (BN1),610,
Jonathan Emmons (195285),Service Advisor,,Bonus - Cash Spiff (SPF),610,
Jonathan Rodriguez (244633),Lube Technician - Class D,,,,
Jorge Reyes (10596),Sales Representative,,,,
Jose Rivera (79215),Service Technician - Class A,,Bonus - Non Pay Plan (BN1),100,
Jose Rivera (79215),Service Technician - Class A,,Bonus - Non Pay Plan (BN1),150,
Jose Rivera (79215),Service Technician - Class A,,Bonus - Cash Spiff (SPF),150,
Jose Ochoa (242622),Internet Sales Representative,,Bonus - Non Pay Plan (BN1),800,
Jose Ochoa (242622),Internet Sales Representative,,Bonus - Cash Spiff (SPF),800,
Joseph Moreno (95869),Shipping/Receiving Clerk,,,,
Joshua Brewer (232433),F&I Manager,,,,
Joshua Encinia (241824),Sales Representative,,Bonus - Non Pay Plan (BN1),300,
Joshua Encinia (241824),Sales Representative,,Bonus - Cash Spiff (SPF),300,
Juan Benavides (200589),Parts Advisor,,,,
Kayla Fuentes (206635),Sales Representative,,Bonus - Non Pay Plan (BN1),1850,
Kayla Fuentes (206635),Sales Representative,,Bonus - Cash Spiff (SPF),1850,
Kelly Spears (231424),Sales Representative,,Bonus - Non Pay Plan (BN1),350,
Kelly Spears (231424),Sales Representative,,Bonus - Cash Spiff (SPF),350,
Kennet Hernandez (204724),Lube Technician - Class D,,,,
Kevin Garza (243247),Sales Representative,,Bonus - Non Pay Plan (BN1),700,
Kevin Garza (243247),Sales Representative,,Bonus - Cash Spiff (SPF),700,
Lorenz Martinez (205619),Parts Advisor,,,,
Luis Ramirez (238352),Detailer,,,,
Luis Mortera (241166),Porter,,,,
Mariana Ceballos- Banda (171302),BDC Administrator,,Bonus - Pay Plan (BN2),1750,
Mario Flores (179292),Lube Technician - Class D,,,,
Marissa Alvarado (205622),Sales Representative,,Bonus - Non Pay Plan (BN1),1650,
Marissa Alvarado (205622),Sales Representative,,Bonus - Cash Spiff (SPF),1650,
Mark Quintanilla (240144),Sales Representative,,Bonus - Non Pay Plan (BN1),1025,
Mark Quintanilla (240144),Sales Representative,,Bonus - Cash Spiff (SPF),1025,
Maximilian Castillo (245105),Sales Representative,,,,
Melissa Ramos (166262),Detailer,,,,
Michael Baker (79331),Parts Advisor,,,,
Michael Castillo (172968),Service Technician - Class B,,,,
Michael Castillo (172968),Service Technician - Class B,,Bonus - Non Pay Plan (BN1),100,
Michael Castillo (172968),Service Technician - Class B,,Bonus - Cash Spiff (SPF),100,
Michael Dawes (On Leave) (208975),Sales Representative,,,,
Michael Rodriguez (232033),F&I Manager,,Bonus - Non Pay Plan (BN1),2292,
Michael-Edward Braun (238374),Sales Representative,,,,
Miguel Planas-Costas (207401),Lube Technician - Class D,,,,
Mitchell Clemens (241108),Lube Technician - Class D,,,,
Monica Lawhon (79312),Service Advisor,,Bonus - Non Pay Plan (BN1),510,
Monica Lawhon (79312),Service Advisor,,Bonus - Cash Spiff (SPF),510,
Nicholas Pacheco (196740),Sales Representative,,Bonus - Non Pay Plan (BN1),400,
Nicholas Pacheco (196740),Sales Representative,,Bonus - Cash Spiff (SPF),400,
Nicholas Timms (241954),Lube Technician - Class D,,,,
Noe Ramos (99303),Detail Manager,,,,
Paul Louck (239806),Sales Representative,,Bonus - Non Pay Plan (BN1),1050,
Paul Louck (239806),Sales Representative,,Bonus - Cash Spiff (SPF),1050,
Paul Villarreal (242209),Porter,,,,
Randy Garza (210695),Dispatch,,Bonus - Non Pay Plan (BN1),2000,
Raymond Wright (244138),Lot Attendant/Porter,,,,
Rebecca Aceves (232346),F&I Clerk,,,,
Robert Rivera (82738),Service Technician - Class B,,Bonus - Non Pay Plan (BN1),235,
Robert Rivera (82738),Service Technician - Class B,,Bonus - Cash Spiff (SPF),235,
Robert Nowell (164282),Dealer Trade Driver,,,,
Robert Jones (170688),Dealer Trade Driver,,,,
Robert Cervantes (181646),Sales Representative,,Bonus - Non Pay Plan (BN1),100,
Robert Cervantes (181646),Sales Representative,,Bonus - Cash Spiff (SPF),100,
Rodrigo Diaz (205193),Sales Representative,,Bonus - Non Pay Plan (BN1),300,
Rodrigo Diaz (205193),Sales Representative,,Bonus - Cash Spiff (SPF),300,
Roland Worden (238380),Sales Representative,,,,
Rory Ashurst (79257),Service Manager,,,,
Rosa Linda Rodarte (79350),Cashier/Receptionist,,,,
Ruben De La Cruz Jr (174873),Express Lube Advisor,,,,
Rudolfo Ramos (196156),Lube Technician - Class D,,,,
Samuel Pedraza (209092),F&I Manager,,,,
Santiago Marquez (233390),Sales Representative,,Bonus - Non Pay Plan (BN1),100,
Santiago Marquez (233390),Sales Representative,,Bonus - Cash Spiff (SPF),100,
Sarah Guerrero (162303),Warranty/Ins Administrator,,,,
Seth Ackerman (209368),Sales Representative,,Bonus - Non Pay Plan (BN1),1100,
Seth Ackerman (209368),Sales Representative,,Bonus - Cash Spiff (SPF),1100,
Steven Dick (79305),Assistant Service Manager,,,,
Steven Calaway (94482),Service Technician - Class A,,Bonus - Non Pay Plan (BN1),250,
Steven Calaway (94482),Service Technician - Class A,,Bonus - Cash Spiff (SPF),250,
Tomas Ynostroza (206253),Express Lube Advisor,,Bonus - Non Pay Plan (BN1),160,
Tomas Ynostroza (206253),Express Lube Advisor,,Bonus - Cash Spiff (SPF),160,
Valentin Mendez (89336),Dealer Trade Driver FT,,Bonus - Non Pay Plan (BN1),418.45,
Veronica Gonzalez (On Leave) (228750),F&I Manager,,,,
Walter Hall (79209),Service Technician - Class C,,,,
Waylin Doucet (232283),Lot Attendant/Porter,,,,
Wayne Bowen (96652),Service Technician - Class B,,Bonus - Non Pay Plan (BN1),235,
Wayne Bowen (96652),Service Technician - Class B,,Bonus - Cash Spiff (SPF),235,
Aaron Johnson (200427),Service Technician - Class A,,Bonus - Non Pay Plan (BN1),350,
Aaron Johnson (200427),Service Technician - Class A,,Bonus - Non Pay Plan Bonus (BN1),250,
Aaron Johnson (200427),Service Technician - Class A,,Bonus - Cash Spiff (SPF),250,
Adan Zamora (94389),Service Technician - Class C,,Bonus - Non Pay Plan (BN1),350,
Adan Zamora (94389),Service Technician - Class C,,Bonus - Non Pay Plan (BN1),250,
Adan Zamora (94389),Service Technician - Class C,,Bonus - Cash Spiff (SPF),250,
Adolfo Landin (163656),Parts Driver,,,,
Adrian Gonzalez (238639),Porter,,,,
Alex Callahan (234691),Sales Representative,,Bonus - Non Pay Plan (BN1),1700,
Alex Callahan (234691),Sales Representative,,Bonus - Cash Spiff (SPF),1700,
Alexandria Miller (241811),Receptionist,,,,
Alynn Skinner (162964),General Manager,,,,
Alyssa Luna (171890),Centralized Invoicing Admin,,Bonus - Non Pay Plan (BN1),700,
Amanda Eiferd (173668),F&I Manager,,,,
America Munoz (241262),Receptionist,,,,
Andrea Armstrong (239695),Sales Representative,,,,
Andrew Spence (230191),Sales Desk Manager,,,,
Andrew Munoz (244950),Lot Attendant/Porter,,,,
Anthony Breaker (176690),Service Technician - Class B,,Bonus - Non Pay Plan (BN1),100,
Anthony Breaker (176690),Service Technician - Class B,,Bonus - Non Pay Plan (BN1),150,
Anthony Breaker (176690),Service Technician - Class B,,Bonus - Cash Spiff (SPF),150,
Ashley Cantu (181562),BDC Administrator,,Bonus - Pay Plan (BN2),1600,
Ashley Ramos (232675),Receptionist,,,,
Atley Emmons (241927),Detailer,,,,
Benito Flores (242755),Sales Representative,,Bonus - Non Pay Plan (BN1),450,
Benito Flores (242755),Sales Representative,,Bonus - Cash Spiff (SPF),450,
Benjamin Garcia (192968),F&I Manager,,,,
Benjamin Ramsey (233560),Service Technician - Class B,,Bonus - Non Pay Plan (BN1),235,
Benjamin Ramsey (233560),Service Technician - Class B,,Bonus - Cash Spiff (SPF),235,
Bianca Bueno (232612),Sales Representative,,Bonus - Non Pay Plan (BN1),150,
Bianca Bueno (232612),Sales Representative,,Bonus - Cash Spiff (SPF),150,
Brandi Gomez (231923),F&I Clerk,,,,
Brandon Ramirez (243425),Service Advisor,,,,
Brandon Quintanilla (243648),Internet Sales Representative,,,,
Brett Bargdill (230468),Sales Desk Manager,,Bonus - Non Pay Plan (BN1),300,
Brett Bargdill (230468),Sales Desk Manager,,Bonus - Cash Spiff (SPF),300,
Brian Carmona (239133),Sales Representative,,Bonus - Non Pay Plan (BN1),250,
Brian Carmona (239133),Sales Representative,,Bonus - Cash Spiff (SPF),250,
Bruce Benedict (173608),Service Technician - Class A,,Bonus - Non Pay Plan (BN1),350,
Bruce Benedict (173608),Service Technician - Class A,,Bonus - Non Pay Plan (BN1),250,
Bruce Benedict (173608),Service Technician - Class A,,Bonus - Cash Spiff (SPF),250,
Candy Villarreal (206322),F&I Clerk,,,,
Cassandra Bustamante (232300),Janitor,,,,
Charles Hernandez (238101),Porter,,,,
Christopher Witcraft (188791),Sales Desk Manager,,,,
Christopher Barrios (210936),Sales Representative,,Bonus - Non Pay Plan (BN1),250,
Christopher Barrios (210936),Sales Representative,,Bonus - Cash Spiff (SPF),250,
Cipriano Rodriguez (229238),Sales Representative,,Bonus - Non Pay Plan (BN1),450,
Cipriano Rodriguez (229238),Sales Representative,,Bonus - Cash Spiff (SPF),450,
Claudine Lawson (79269),Merchandising Administrator,,,,
Cornelius Halgryn (205123),Sales Representative,,,,
Courtney Leal (239629),Sales Representative,,,,
Damian Welch (242941),Sales Representative,,Bonus - Non Pay Plan (BN1),300,
Damian Welch (242941),Sales Representative,,Bonus - Cash Spiff (SPF),300,
Daniel Valverde (199968),Porter,,,,
Darren Steinle (238739),Porter,,,,
David Womack (79342),Parts Manager,,Bonus - Non Pay Plan (BN1),1736,
David Womack (79342),Parts Manager,,Bonus - Non Pay Plan (BN1),1200,
David Wylly (164162),Service Technician - Class A,,Bonus - Non Pay Plan (BN1),100,
David Wylly (164162),Service Technician - Class A,,Bonus - Non Pay Plan (BN1),150,
David Wylly (164162),Service Technician - Class A,,Bonus - Cash Spiff (SPF),150,
David Machado (165631),Service Advisor,,Bonus - Non Pay Plan (BN1),195,
David Machado (165631),Service Advisor,,Bonus - Cash Spiff (SPF),195,
Devin Martinez (99443),F&I Clerk,,,,
Douglas Alexander (On Leave) (92021),Sales Representative,,,,
Dylan Heflin (On Leave) (238500),Sales Representative,,,,
Felix Colon (234242),Sales Representative,,,,
Frances Rabara (234739),F&I Manager,,,,
Frank Rios (170865),Assistant Sales Manager,,,,
Gabriel Garcia (205262),Express Lube Advisor,,Bonus - Non Pay Plan (BN1),270,
Gabriel Garcia (205262),Express Lube Advisor,,Bonus - Cash Spiff (SPF),270,
Garrett Johnson (179656),Sales Representative,,Bonus - Non Pay Plan (BN1),100,
Garrett Johnson (179656),Sales Representative,,Bonus - Cash Spiff (SPF),100,
Gary Gordon (232730),Sales Desk Manager,,Bonus - Non Pay Plan (BN1),100,
Gary Gordon (232730),Sales Desk Manager,,Bonus - Cash Spiff (SPF),100,
Gary MacGregor (234426),Dealer Trade Driver,,,,
Gilbert Martinez (232146),Sales Representative,,Bonus - Non Pay Plan (BN1),100,
Gilbert Martinez (232146),Sales Representative,,Bonus - Cash Spiff (SPF),100,
Gloria Haynes (241225),Receptionist,,,,
Gregory Rodriguez (On Leave) (203855),Sales Representative,,,,
Israel Nanez (165857),Sales Desk Manager,,,,
Jacob Garcia (233481),Lube Technician - Class D,,,,
Jaydon Leeder (244908),Service Technician - Class A,,,,
Jeffery Van Duyn (204878),Parts Advisor,,,,
Jerald Deleon (178841),Shipping/Receiving Clerk,,,,
Jeremy Steinmeyer (232729),Sales Representative,,,,
Jerry Bibb (225048),Internet Sales Representative,,Bonus - Non Pay Plan (BN1),1300,
Jerry Bibb (225048),Internet Sales Representative,,Bonus - Cash Spiff (SPF),1300,
Joel Montez (176188),Detailer,,,,
Jonathan Emmons (195285),Service Advisor,,Bonus - Non Pay Plan (BN1),610,
Jonathan Emmons (195285),Service Advisor,,Bonus - Cash Spiff (SPF),610,
Jonathan Rodriguez (244633),Lube Technician - Class D,,,,
Jorge Reyes (10596),Sales Representative,,,,
Jose Rivera (79215),Service Technician - Class A,,Bonus - Non Pay Plan (BN1),100,
Jose Rivera (79215),Service Technician - Class A,,Bonus - Non Pay Plan (BN1),150,
Jose Rivera (79215),Service Technician - Class A,,Bonus - Cash Spiff (SPF),150,
Jose Ochoa (242622),Internet Sales Representative,,Bonus - Non Pay Plan (BN1),800,
Jose Ochoa (242622),Internet Sales Representative,,Bonus - Cash Spiff (SPF),800,
Joseph Moreno (95869),Shipping/Receiving Clerk,,,,
Joshua Brewer (232433),F&I Manager,,,,
Joshua Encinia (241824),Sales Representative,,Bonus - Non Pay Plan (BN1),300,
Joshua Encinia (241824),Sales Representative,,Bonus - Cash Spiff (SPF),300,
Juan Benavides (200589),Parts Advisor,,,,
Kayla Fuentes (206635),Sales Representative,,Bonus - Non Pay Plan (BN1),1850,
Kayla Fuentes (206635),Sales Representative,,Bonus - Cash Spiff (SPF),1850,
Kelly Spears (231424),Sales Representative,,Bonus - Non Pay Plan (BN1),350,
Kelly Spears (231424),Sales Representative,,Bonus - Cash Spiff (SPF),350,
Kennet Hernandez (204724),Lube Technician - Class D,,,,
Kevin Garza (243247),Sales Representative,,Bonus - Non Pay Plan (BN1),700,
Kevin Garza (243247),Sales Representative,,Bonus - Cash Spiff (SPF),700,
Lorenz Martinez (205619),Parts Advisor,,,,
Luis Ramirez (238352),Detailer,,,,
Luis Mortera (241166),Porter,,,,
Mariana Ceballos- Banda (171302),BDC Administrator,,Bonus - Pay Plan (BN2),1750,
Mario Flores (179292),Lube Technician - Class D,,,,
Marissa Alvarado (205622),Sales Representative,,Bonus - Non Pay Plan (BN1),1650,
Marissa Alvarado (205622),Sales Representative,,Bonus - Cash Spiff (SPF),1650,
Mark Quintanilla (240144),Sales Representative,,Bonus - Non Pay Plan (BN1),1025,
Mark Quintanilla (240144),Sales Representative,,Bonus - Cash Spiff (SPF),1025,
Maximilian Castillo (245105),Sales Representative,,,,
Melissa Ramos (166262),Detailer,,,,
Michael Baker (79331),Parts Advisor,,,,
Michael Castillo (172968),Service Technician - Class B,,,,
Michael Castillo (172968),Service Technician - Class B,,Bonus - Non Pay Plan (BN1),100,
Michael Castillo (172968),Service Technician - Class B,,Bonus - Cash Spiff (SPF),100,
Michael Dawes (On Leave) (208975),Sales Representative,,,,
Michael Rodriguez (232033),F&I Manager,,Bonus - Non Pay Plan (BN1),2292,
Michael-Edward Braun (238374),Sales Representative,,,,
Miguel Planas-Costas (207401),Lube Technician - Class D,,,,
Mitchell Clemens (241108),Lube Technician - Class D,,,,
Monica Lawhon (79312),Service Advisor,,Bonus - Non Pay Plan (BN1),510,
Monica Lawhon (79312),Service Advisor,,Bonus - Cash Spiff (SPF),510,
Nicholas Pacheco (196740),Sales Representative,,Bonus - Non Pay Plan (BN1),400,
Nicholas Pacheco (196740),Sales Representative,,Bonus - Cash Spiff (SPF),400,
Nicholas Timms (241954),Lube Technician - Class D,,,,
Noe Ramos (99303),Detail Manager,,,,
Paul Louck (239806),Sales Representative,,Bonus - Non Pay Plan (BN1),1050,
Paul Louck (239806),Sales Representative,,Bonus - Cash Spiff (SPF),1050,
Paul Villarreal (242209),Porter,,,,
Randy Garza (210695),Dispatch,,Bonus - Non Pay Plan (BN1),2000,
Raymond Wright (244138),Lot Attendant/Porter,,,,
Rebecca Aceves (232346),F&I Clerk,,,,
Robert Rivera (82738),Service Technician - Class B,,Bonus - Non Pay Plan (BN1),235,
Robert Rivera (82738),Service Technician - Class B,,Bonus - Cash Spiff (SPF),235,
Robert Nowell (164282),Dealer Trade Driver,,,,
Robert Jones (170688),Dealer Trade Driver,,,,
Robert Cervantes (181646),Sales Representative,,Bonus - Non Pay Plan (BN1),100,
Robert Cervantes (181646),Sales Representative,,Bonus - Cash Spiff (SPF),100,
Rodrigo Diaz (205193),Sales Representative,,Bonus - Non Pay Plan (BN1),300,
Rodrigo Diaz (205193),Sales Representative,,Bonus - Cash Spiff (SPF),300,
Roland Worden (238380),Sales Representative,,,,
Rory Ashurst (79257),Service Manager,,,,
Rosa Linda Rodarte (79350),Cashier/Receptionist,,,,
Ruben De La Cruz Jr (174873),Express Lube Advisor,,,,
Rudolfo Ramos (196156),Lube Technician - Class D,,,,
Samuel Pedraza (209092),F&I Manager,,,,
Santiago Marquez (233390),Sales Representative,,Bonus - Non Pay Plan (BN1),100,
Santiago Marquez (233390),Sales Representative,,Bonus - Cash Spiff (SPF),100,
Sarah Guerrero (162303),Warranty/Ins Administrator,,,,
Seth Ackerman (209368),Sales Representative,,Bonus - Non Pay Plan (BN1),1100,
Seth Ackerman (209368),Sales Representative,,Bonus - Cash Spiff (SPF),1100,
Steven Dick (79305),Assistant Service Manager,,,,
Steven Calaway (94482),Service Technician - Class A,,Bonus - Non Pay Plan (BN1),250,
Steven Calaway (94482),Service Technician - Class A,,Bonus - Cash Spiff (SPF),250,
Tomas Ynostroza (206253),Express Lube Advisor,,Bonus - Non Pay Plan (BN1),160,
Tomas Ynostroza (206253),Express Lube Advisor,,Bonus - Cash Spiff (SPF),160,
Valentin Mendez (89336),Dealer Trade Driver FT,,Bonus - Non Pay Plan (BN1),418.45,
Veronica Gonzalez (On Leave) (228750),F&I Manager,,,,
Walter Hall (79209),Service Technician - Class C,,,,
Waylin Doucet (232283),Lot Attendant/Porter,,,,
Wayne Bowen (96652),Service Technician - Class B,,Bonus - Non Pay Plan (BN1),235,
Wayne Bowen (96652),Service Technician - Class B,,Bonus - Cash Spiff (SPF),235,
Aaron Johnson (200427),Service Technician - Class A,,Bonus - Non Pay Plan (BN1),350,
Aaron Johnson (200427),Service Technician - Class A,,Bonus - Non Pay Plan Bonus (BN1),250,
Aaron Johnson (200427),Service Technician - Class A,,Bonus - Cash Spiff (SPF),250,
Adan Zamora (94389),Service Technician - Class C,,Bonus - Non Pay Plan (BN1),350,
Adan Zamora (94389),Service Technician - Class C,,Bonus - Non Pay Plan (BN1),250,
Adan Zamora (94389),Service Technician - Class C,,Bonus - Cash Spiff (SPF),250,
Adolfo Landin (163656),Parts Driver,,,,
Adrian Gonzalez (238639),Porter,,,,
Alex Callahan (234691),Sales Representative,,Bonus - Non Pay Plan (BN1),1700,
Alex Callahan (234691),Sales Representative,,Bonus - Cash Spiff (SPF),1700,
Alexandria Miller (241811),Receptionist,,,,
Alynn Skinner (162964),General Manager,,,,
Alyssa Luna (171890),Centralized Invoicing Admin,,Bonus - Non Pay Plan (BN1),700,
Amanda Eiferd (173668),F&I Manager,,,,
America Munoz (241262),Receptionist,,,,
Andrea Armstrong (239695),Sales Representative,,,,
Andrew Spence (230191),Sales Desk Manager,,,,
Andrew Munoz (244950),Lot Attendant/Porter,,,,
Anthony Breaker (176690),Service Technician - Class B,,Bonus - Non Pay Plan (BN1),100,
Anthony Breaker (176690),Service Technician - Class B,,Bonus - Non Pay Plan (BN1),150,
Anthony Breaker (176690),Service Technician - Class B,,Bonus - Cash Spiff (SPF),150,
Ashley Cantu (181562),BDC Administrator,,Bonus - Pay Plan (BN2),1600,
Ashley Ramos (232675),Receptionist,,,,
Atley Emmons (241927),Detailer,,,,
Benito Flores (242755),Sales Representative,,Bonus - Non Pay Plan (BN1),450,
Benito Flores (242755),Sales Representative,,Bonus - Cash Spiff (SPF),450,
Benjamin Garcia (192968),F&I Manager,,,,
Benjamin Ramsey (233560),Service Technician - Class B,,Bonus - Non Pay Plan (BN1),235,
Benjamin Ramsey (233560),Service Technician - Class B,,Bonus - Cash Spiff (SPF),235,
Bianca Bueno (232612),Sales Representative,,Bonus - Non Pay Plan (BN1),150,
Bianca Bueno (232612),Sales Representative,,Bonus - Cash Spiff (SPF),150,
Brandi Gomez (231923),F&I Clerk,,,,
Brandon Ramirez (243425),Service Advisor,,,,
Brandon Quintanilla (243648),Internet Sales Representative,,,,
Brett Bargdill (230468),Sales Desk Manager,,Bonus - Non Pay Plan (BN1),300,
Brett Bargdill (230468),Sales Desk Manager,,Bonus - Cash Spiff (SPF),300,
Brian Carmona (239133),Sales Representative,,Bonus - Non Pay Plan (BN1),250,
Brian Carmona (239133),Sales Representative,,Bonus - Cash Spiff (SPF),250,
Bruce Benedict (173608),Service Technician - Class A,,Bonus - Non Pay Plan (BN1),350,
Bruce Benedict (173608),Service Technician - Class A,,Bonus - Non Pay Plan (BN1),250,
Bruce Benedict (173608),Service Technician - Class A,,Bonus - Cash Spiff (SPF),250,
Candy Villarreal (206322),F&I Clerk,,,,
Cassandra Bustamante (232300),Janitor,,,,
Charles Hernandez (238101),Porter,,,,
Christopher Witcraft (188791),Sales Desk Manager,,,,
Christopher Barrios (210936),Sales Representative,,Bonus - Non Pay Plan (BN1),250,
Christopher Barrios (210936),Sales Representative,,Bonus - Cash Spiff (SPF),250,
Cipriano Rodriguez (229238),Sales Representative,,Bonus - Non Pay Plan (BN1),450,
Cipriano Rodriguez (229238),Sales Representative,,Bonus - Cash Spiff (SPF),450,
Claudine Lawson (79269),Merchandising Administrator,,,,
Cornelius Halgryn (205123),Sales Representative,,,,
Courtney Leal (239629),Sales Representative,,,,
Damian Welch (242941),Sales Representative,,Bonus - Non Pay Plan (BN1),300,
Damian Welch (242941),Sales Representative,,Bonus - Cash Spiff (SPF),300,
Daniel Valverde (199968),Porter,,,,
Darren Steinle (238739),Porter,,,,
David Womack (79342),Parts Manager,,Bonus - Non Pay Plan (BN1),1736,
David Womack (79342),Parts Manager,,Bonus - Non Pay Plan (BN1),1200,
David Wylly (164162),Service Technician - Class A,,Bonus - Non Pay Plan (BN1),100,
David Wylly (164162),Service Technician - Class A,,Bonus - Non Pay Plan (BN1),150,
David Wylly (164162),Service Technician - Class A,,Bonus - Cash Spiff (SPF),150,
David Machado (165631),Service Advisor,,Bonus - Non Pay Plan (BN1),195,
David Machado (165631),Service Advisor,,Bonus - Cash Spiff (SPF),195,
Devin Martinez (99443),F&I Clerk,,,,
Douglas Alexander (On Leave) (92021),Sales Representative,,,,
Dylan Heflin (On Leave) (238500),Sales Representative,,,,
Felix Colon (234242),Sales Representative,,,,
Frances Rabara (234739),F&I Manager,,,,
Frank Rios (170865),Assistant Sales Manager,,,,
Gabriel Garcia (205262),Express Lube Advisor,,Bonus - Non Pay Plan (BN1),270,
Gabriel Garcia (205262),Express Lube Advisor,,Bonus - Cash Spiff (SPF),270,
Garrett Johnson (179656),Sales Representative,,Bonus - Non Pay Plan (BN1),100,
Garrett Johnson (179656),Sales Representative,,Bonus - Cash Spiff (SPF),100,
Gary Gordon (232730),Sales Desk Manager,,Bonus - Non Pay Plan (BN1),100,
Gary Gordon (232730),Sales Desk Manager,,Bonus - Cash Spiff (SPF),100,
Gary MacGregor (234426),Dealer Trade Driver,,,,
Gilbert Martinez (232146),Sales Representative,,Bonus - Non Pay Plan (BN1),100,
Gilbert Martinez (232146),Sales Representative,,Bonus - Cash Spiff (SPF),100,
Gloria Haynes (241225),Receptionist,,,,
Gregory Rodriguez (On Leave) (203855),Sales Representative,,,,
Israel Nanez (165857),Sales Desk Manager,,,,
Jacob Garcia (233481),Lube Technician - Class D,,,,
Jaydon Leeder (244908),Service Technician - Class A,,,,
Jeffery Van Duyn (204878),Parts Advisor,,,,
Jerald Deleon (178841),Shipping/Receiving Clerk,,,,
Jeremy Steinmeyer (232729),Sales Representative,,,,
Jerry Bibb (225048),Internet Sales Representative,,Bonus - Non Pay Plan (BN1),1300,
Jerry Bibb (225048),Internet Sales Representative,,Bonus - Cash Spiff (SPF),1300,
Joel Montez (176188),Detailer,,,,
Jonathan Emmons (195285),Service Advisor,,Bonus - Non Pay Plan (BN1),610,
Jonathan Emmons (195285),Service Advisor,,Bonus - Cash Spiff (SPF),610,
Jonathan Rodriguez (244633),Lube Technician - Class D,,,,
Jorge Reyes (10596),Sales Representative,,,,
Jose Rivera (79215),Service Technician - Class A,,Bonus - Non Pay Plan (BN1),100,
Jose Rivera (79215),Service Technician - Class A,,Bonus - Non Pay Plan (BN1),150,
Jose Rivera (79215),Service Technician - Class A,,Bonus - Cash Spiff (SPF),150,
Jose Ochoa (242622),Internet Sales Representative,,Bonus - Non Pay Plan (BN1),800,
Jose Ochoa (242622),Internet Sales Representative,,Bonus - Cash Spiff (SPF),800,
Joseph Moreno (95869),Shipping/Receiving Clerk,,,,
Joshua Brewer (232433),F&I Manager,,,,
Joshua Encinia (241824),Sales Representative,,Bonus - Non Pay Plan (BN1),300,
Joshua Encinia (241824),Sales Representative,,Bonus - Cash Spiff (SPF),300,
Juan Benavides (200589),Parts Advisor,,,,
Kayla Fuentes (206635),Sales Representative,,Bonus - Non Pay Plan (BN1),1850,
Kayla Fuentes (206635),Sales Representative,,Bonus - Cash Spiff (SPF),1850,
Kelly Spears (231424),Sales Representative,,Bonus - Non Pay Plan (BN1),350,
Kelly Spears (231424),Sales Representative,,Bonus - Cash Spiff (SPF),350,
Kennet Hernandez (204724),Lube Technician - Class D,,,,
Kevin Garza (243247),Sales Representative,,Bonus - Non Pay Plan (BN1),700,
Kevin Garza (243247),Sales Representative,,Bonus - Cash Spiff (SPF),700,
Lorenz Martinez (205619),Parts Advisor,,,,
Luis Ramirez (238352),Detailer,,,,
Luis Mortera (241166),Porter,,,,
Mariana Ceballos- Banda (171302),BDC Administrator,,Bonus - Pay Plan (BN2),1750,
Mario Flores (179292),Lube Technician - Class D,,,,
Marissa Alvarado (205622),Sales Representative,,Bonus - Non Pay Plan (BN1),1650,
Marissa Alvarado (205622),Sales Representative,,Bonus - Cash Spiff (SPF),1650,
Mark Quintanilla (240144),Sales Representative,,Bonus - Non Pay Plan (BN1),1025,
Mark Quintanilla (240144),Sales Representative,,Bonus - Cash Spiff (SPF),1025,
Maximilian Castillo (245105),Sales Representative,,,,
Melissa Ramos (166262),Detailer,,,,
Michael Baker (79331),Parts Advisor,,,,
Michael Castillo (172968),Service Technician - Class B,,,,
Michael Castillo (172968),Service Technician - Class B,,Bonus - Non Pay Plan (BN1),100,
Michael Castillo (172968),Service Technician - Class B,,Bonus - Cash Spiff (SPF),100,
Michael Dawes (On Leave) (208975),Sales Representative,,,,
Michael Rodriguez (232033),F&I Manager,,Bonus - Non Pay Plan (BN1),2292,
Michael-Edward Braun (238374),Sales Representative,,,,
Miguel Planas-Costas (207401),Lube Technician - Class D,,,,
Mitchell Clemens (241108),Lube Technician - Class D,,,,
Monica Lawhon (79312),Service Advisor,,Bonus - Non Pay Plan (BN1),510,
Monica Lawhon (79312),Service Advisor,,Bonus - Cash Spiff (SPF),510,
Nicholas Pacheco (196740),Sales Representative,,Bonus - Non Pay Plan (BN1),400,
Nicholas Pacheco (196740),Sales Representative,,Bonus - Cash Spiff (SPF),400,
Nicholas Timms (241954),Lube Technician - Class D,,,,
Noe Ramos (99303),Detail Manager,,,,
Paul Louck (239806),Sales Representative,,Bonus - Non Pay Plan (BN1),1050,
Paul Louck (239806),Sales Representative,,Bonus - Cash Spiff (SPF),1050,
Paul Villarreal (242209),Porter,,,,
Randy Garza (210695),Dispatch,,Bonus - Non Pay Plan (BN1),2000,
Raymond Wright (244138),Lot Attendant/Porter,,,,
Rebecca Aceves (232346),F&I Clerk,,,,
Robert Rivera (82738),Service Technician - Class B,,Bonus - Non Pay Plan (BN1),235,
Robert Rivera (82738),Service Technician - Class B,,Bonus - Cash Spiff (SPF),235,
Robert Nowell (164282),Dealer Trade Driver,,,,
Robert Jones (170688),Dealer Trade Driver,,,,
Robert Cervantes (181646),Sales Representative,,Bonus - Non Pay Plan (BN1),100,
Robert Cervantes (181646),Sales Representative,,Bonus - Cash Spiff (SPF),100,
Rodrigo Diaz (205193),Sales Representative,,Bonus - Non Pay Plan (BN1),300,
Rodrigo Diaz (205193),Sales Representative,,Bonus - Cash Spiff (SPF),300,
Roland Worden (238380),Sales Representative,,,,
Rory Ashurst (79257),Service Manager,,,,
Rosa Linda Rodarte (79350),Cashier/Receptionist,,,,
Ruben De La Cruz Jr (174873),Express Lube Advisor,,,,
Rudolfo Ramos (196156),Lube Technician - Class D,,,,
Samuel Pedraza (209092),F&I Manager,,,,
Santiago Marquez (233390),Sales Representative,,Bonus - Non Pay Plan (BN1),100,
Santiago Marquez (233390),Sales Representative,,Bonus - Cash Spiff (SPF),100,
Sarah Guerrero (162303),Warranty/Ins Administrator,,,,
Seth Ackerman (209368),Sales Representative,,Bonus - Non Pay Plan (BN1),1100,
Seth Ackerman (209368),Sales Representative,,Bonus - Cash Spiff (SPF),1100,
Steven Dick (79305),Assistant Service Manager,,,,
Steven Calaway (94482),Service Technician - Class A,,Bonus - Non Pay Plan (BN1),250,
Steven Calaway (94482),Service Technician - Class A,,Bonus - Cash Spiff (SPF),250,
Tomas Ynostroza (206253),Express Lube Advisor,,Bonus - Non Pay Plan (BN1),160,
Tomas Ynostroza (206253),Express Lube Advisor,,Bonus - Cash Spiff (SPF),160,
Valentin Mendez (89336),Dealer Trade Driver FT,,Bonus - Non Pay Plan (BN1),418.45,
Veronica Gonzalez (On Leave) (228750),F&I Manager,,,,
Walter Hall (79209),Service Technician - Class C,,,,
Waylin Doucet (232283),Lot Attendant/Porter,,,,
Wayne Bowen (96652),Service Technician - Class B,,Bonus - Non Pay Plan (BN1),235,
Wayne Bowen (96652),Service Technician - Class B,,Bonus - Cash Spiff (SPF),235,
Aaron Johnson (200427),Service Technician - Class A,,Bonus - Non Pay Plan (BN1),350,
Aaron Johnson (200427),Service Technician - Class A,,Bonus - Non Pay Plan Bonus (BN1),250,
Aaron Johnson (200427),Service Technician - Class A,,Bonus - Cash Spiff (SPF),250,
Adan Zamora (94389),Service Technician - Class C,,Bonus - Non Pay Plan (BN1),350,
Adan Zamora (94389),Service Technician - Class C,,Bonus - Non Pay Plan (BN1),250,
Adan Zamora (94389),Service Technician - Class C,,Bonus - Cash Spiff (SPF),250,
Adolfo Landin (163656),Parts Driver,,,,
Adrian Gonzalez (238639),Porter,,,,
Alex Callahan (234691),Sales Representative,,Bonus - Non Pay Plan (BN1),1700,
Alex Callahan (234691),Sales Representative,,Bonus - Cash Spiff (SPF),1700,
Alexandria Miller (241811),Receptionist,,,,
Alynn Skinner (162964),General Manager,,,,
Alyssa Luna (171890),Centralized Invoicing Admin,,Bonus - Non Pay Plan (BN1),700,
Amanda Eiferd (173668),F&I Manager,,,,
America Munoz (241262),Receptionist,,,,
Andrea Armstrong (239695),Sales Representative,,,,
Andrew Spence (230191),Sales Desk Manager,,,,
Andrew Munoz (244950),Lot Attendant/Porter,,,,
Anthony Breaker (176690),Service Technician - Class B,,Bonus - Non Pay Plan (BN1),100,
Anthony Breaker (176690),Service Technician - Class B,,Bonus - Non Pay Plan (BN1),150,
Anthony Breaker (176690),Service Technician - Class B,,Bonus - Cash Spiff (SPF),150,
Ashley Cantu (181562),BDC Administrator,,Bonus - Pay Plan (BN2),1600,
Ashley Ramos (232675),Receptionist,,,,
Atley Emmons (241927),Detailer,,,,
Benito Flores (242755),Sales Representative,,Bonus - Non Pay Plan (BN1),450,
Benito Flores (242755),Sales Representative,,Bonus - Cash Spiff (SPF),450,
Benjamin Garcia (192968),F&I Manager,,,,
Benjamin Ramsey (233560),Service Technician - Class B,,Bonus - Non Pay Plan (BN1),235,
Benjamin Ramsey (233560),Service Technician - Class B,,Bonus - Cash Spiff (SPF),235,
Bianca Bueno (232612),Sales Representative,,Bonus - Non Pay Plan (BN1),150,
Bianca Bueno (232612),Sales Representative,,Bonus - Cash Spiff (SPF),150,
Brandi Gomez (231923),F&I Clerk,,,,
Brandon Ramirez (243425),Service Advisor,,,,
Brandon Quintanilla (243648),Internet Sales Representative,,,,
Brett Bargdill (230468),Sales Desk Manager,,Bonus - Non Pay Plan (BN1),300,
Brett Bargdill (230468),Sales Desk Manager,,Bonus - Cash Spiff (SPF),300,
Brian Carmona (239133),Sales Representative,,Bonus - Non Pay Plan (BN1),250,
Brian Carmona (239133),Sales Representative,,Bonus - Cash Spiff (SPF),250,
Bruce Benedict (173608),Service Technician - Class A,,Bonus - Non Pay Plan (BN1),350,
Bruce Benedict (173608),Service Technician - Class A,,Bonus - Non Pay Plan (BN1),250,
Bruce Benedict (173608),Service Technician - Class A,,Bonus - Cash Spiff (SPF),250,
Candy Villarreal (206322),F&I Clerk,,,,
Cassandra Bustamante (232300),Janitor,,,,
Charles Hernandez (238101),Porter,,,,
Christopher Witcraft (188791),Sales Desk Manager,,,,
Christopher Barrios (210936),Sales Representative,,Bonus - Non Pay Plan (BN1),250,
Christopher Barrios (210936),Sales Representative,,Bonus - Cash Spiff (SPF),250,
Cipriano Rodriguez (229238),Sales Representative,,Bonus - Non Pay Plan (BN1),450,
Cipriano Rodriguez (229238),Sales Representative,,Bonus - Cash Spiff (SPF),450,
Claudine Lawson (79269),Merchandising Administrator,,,,
Cornelius Halgryn (205123),Sales Representative,,,,
Courtney Leal (239629),Sales Representative,,,,
Damian Welch (242941),Sales Representative,,Bonus - Non Pay Plan (BN1),300,
Damian Welch (242941),Sales Representative,,Bonus - Cash Spiff (SPF),300,
Daniel Valverde (199968),Porter,,,,
Darren Steinle (238739),Porter,,,,
David Womack (79342),Parts Manager,,Bonus - Non Pay Plan (BN1),1736,
David Womack (79342),Parts Manager,,Bonus - Non Pay Plan (BN1),1200,
David Wylly (164162),Service Technician - Class A,,Bonus - Non Pay Plan (BN1),100,
David Wylly (164162),Service Technician - Class A,,Bonus - Non Pay Plan (BN1),150,
David Wylly (164162),Service Technician - Class A,,Bonus - Cash Spiff (SPF),150,
David Machado (165631),Service Advisor,,Bonus - Non Pay Plan (BN1),195,
David Machado (165631),Service Advisor,,Bonus - Cash Spiff (SPF),195,
Devin Martinez (99443),F&I Clerk,,,,
Douglas Alexander (On Leave) (92021),Sales Representative,,,,
Dylan Heflin (On Leave) (238500),Sales Representative,,,,
Felix Colon (234242),Sales Representative,,,,
Frances Rabara (234739),F&I Manager,,,,
Frank Rios (170865),Assistant Sales Manager,,,,
Gabriel Garcia (205262),Express Lube Advisor,,Bonus - Non Pay Plan (BN1),270,
Gabriel Garcia (205262),Express Lube Advisor,,Bonus - Cash Spiff (SPF),270,
Garrett Johnson (179656),Sales Representative,,Bonus - Non Pay Plan (BN1),100,
Garrett Johnson (179656),Sales Representative,,Bonus - Cash Spiff (SPF),100,
Gary Gordon (232730),Sales Desk Manager,,Bonus - Non Pay Plan (BN1),100,
Gary Gordon (232730),Sales Desk Manager,,Bonus - Cash Spiff (SPF),100,
Gary MacGregor (234426),Dealer Trade Driver,,,,
Gilbert Martinez (232146),Sales Representative,,Bonus - Non Pay Plan (BN1),100,
Gilbert Martinez (232146),Sales Representative,,Bonus - Cash Spiff (SPF),100,
Gloria Haynes (241225),Receptionist,,,,
Gregory Rodriguez (On Leave) (203855),Sales Representative,,,,
Israel Nanez (165857),Sales Desk Manager,,,,
Jacob Garcia (233481),Lube Technician - Class D,,,,
Jaydon Leeder (244908),Service Technician - Class A,,,,
Jeffery Van Duyn (204878),Parts Advisor,,,,
Jerald Deleon (178841),Shipping/Receiving Clerk,,,,
Jeremy Steinmeyer (232729),Sales Representative,,,,
Jerry Bibb (225048),Internet Sales Representative,,Bonus - Non Pay Plan (BN1),1300,
Jerry Bibb (225048),Internet Sales Representative,,Bonus - Cash Spiff (SPF),1300,
Joel Montez (176188),Detailer,,,,
Jonathan Emmons (195285),Service Advisor,,Bonus - Non Pay Plan (BN1),610,
Jonathan Emmons (195285),Service Advisor,,Bonus - Cash Spiff (SPF),610,
Jonathan Rodriguez (244633),Lube Technician - Class D,,,,
Jorge Reyes (10596),Sales Representative,,,,
Jose Rivera (79215),Service Technician - Class A,,Bonus - Non Pay Plan (BN1),100,
Jose Rivera (79215),Service Technician - Class A,,Bonus - Non Pay Plan (BN1),150,
Jose Rivera (79215),Service Technician - Class A,,Bonus - Cash Spiff (SPF),150,
Jose Ochoa (242622),Internet Sales Representative,,Bonus - Non Pay Plan (BN1),800,
Jose Ochoa (242622),Internet Sales Representative,,Bonus - Cash Spiff (SPF),800,
Joseph Moreno (95869),Shipping/Receiving Clerk,,,,
Joshua Brewer (232433),F&I Manager,,,,
Joshua Encinia (241824),Sales Representative,,Bonus - Non Pay Plan (BN1),300,
Joshua Encinia (241824),Sales Representative,,Bonus - Cash Spiff (SPF),300,
Juan Benavides (200589),Parts Advisor,,,,
Kayla Fuentes (206635),Sales Representative,,Bonus - Non Pay Plan (BN1),1850,
Kayla Fuentes (206635),Sales Representative,,Bonus - Cash Spiff (SPF),1850,
Kelly Spears (231424),Sales Representative,,Bonus - Non Pay Plan (BN1),350,
Kelly Spears (231424),Sales Representative,,Bonus - Cash Spiff (SPF),350,
Kennet Hernandez (204724),Lube Technician - Class D,,,,
Kevin Garza (243247),Sales Representative,,Bonus - Non Pay Plan (BN1),700,
Kevin Garza (243247),Sales Representative,,Bonus - Cash Spiff (SPF),700,
Lorenz Martinez (205619),Parts Advisor,,,,
Luis Ramirez (238352),Detailer,,,,
Luis Mortera (241166),Porter,,,,
Mariana Ceballos- Banda (171302),BDC Administrator,,Bonus - Pay Plan (BN2),1750,
Mario Flores (179292),Lube Technician - Class D,,,,
Marissa Alvarado (205622),Sales Representative,,Bonus - Non Pay Plan (BN1),1650,
Marissa Alvarado (205622),Sales Representative,,Bonus - Cash Spiff (SPF),1650,
Mark Quintanilla (240144),Sales Representative,,Bonus - Non Pay Plan (BN1),1025,
Mark Quintanilla (240144),Sales Representative,,Bonus - Cash Spiff (SPF),1025,
Maximilian Castillo (245105),Sales Representative,,,,
Melissa Ramos (166262),Detailer,,,,
Michael Baker (79331),Parts Advisor,,,,
Michael Castillo (172968),Service Technician - Class B,,,,
Michael Castillo (172968),Service Technician - Class B,,Bonus - Non Pay Plan (BN1),100,
Michael Castillo (172968),Service Technician - Class B,,Bonus - Cash Spiff (SPF),100,
Michael Dawes (On Leave) (208975),Sales Representative,,,,
Michael Rodriguez (232033),F&I Manager,,Bonus - Non Pay Plan (BN1),2292,
Michael-Edward Braun (238374),Sales Representative,,,,
Miguel Planas-Costas (207401),Lube Technician - Class D,,,,
Mitchell Clemens (241108),Lube Technician - Class D,,,,
Monica Lawhon (79312),Service Advisor,,Bonus - Non Pay Plan (BN1),510,
Monica Lawhon (79312),Service Advisor,,Bonus - Cash Spiff (SPF),510,
Nicholas Pacheco (196740),Sales Representative,,Bonus - Non Pay Plan (BN1),400,
Nicholas Pacheco (196740),Sales Representative,,Bonus - Cash Spiff (SPF),400,
Nicholas Timms (241954),Lube Technician - Class D,,,,
Noe Ramos (99303),Detail Manager,,,,
Paul Louck (239806),Sales Representative,,Bonus - Non Pay Plan (BN1),1050,
Paul Louck (239806),Sales Representative,,Bonus - Cash Spiff (SPF),1050,
Paul Villarreal (242209),Porter,,,,
Randy Garza (210695),Dispatch,,Bonus - Non Pay Plan (BN1),2000,
Raymond Wright (244138),Lot Attendant/Porter,,,,
Rebecca Aceves (232346),F&I Clerk,,,,
Robert Rivera (82738),Service Technician - Class B,,Bonus - Non Pay Plan (BN1),235,
Robert Rivera (82738),Service Technician - Class B,,Bonus - Cash Spiff (SPF),235,
Robert Nowell (164282),Dealer Trade Driver,,,,
Robert Jones (170688),Dealer Trade Driver,,,,
Robert Cervantes (181646),Sales Representative,,Bonus - Non Pay Plan (BN1),100,
Robert Cervantes (181646),Sales Representative,,Bonus - Cash Spiff (SPF),100,
Rodrigo Diaz (205193),Sales Representative,,Bonus - Non Pay Plan (BN1),300,
Rodrigo Diaz (205193),Sales Representative,,Bonus - Cash Spiff (SPF),300,
Roland Worden (238380),Sales Representative,,,,
Rory Ashurst (79257),Service Manager,,,,
Rosa Linda Rodarte (79350),Cashier/Receptionist,,,,
Ruben De La Cruz Jr (174873),Express Lube Advisor,,,,
Rudolfo Ramos (196156),Lube Technician - Class D,,,,
Samuel Pedraza (209092),F&I Manager,,,,
Santiago Marquez (233390),Sales Representative,,Bonus - Non Pay Plan (BN1),100,
Santiago Marquez (233390),Sales Representative,,Bonus - Cash Spiff (SPF),100,
Sarah Guerrero (162303),Warranty/Ins Administrator,,,,
Seth Ackerman (209368),Sales Representative,,Bonus - Non Pay Plan (BN1),1100,
Seth Ackerman (209368),Sales Representative,,Bonus - Cash Spiff (SPF),1100,
Steven Dick (79305),Assistant Service Manager,,,,
Steven Calaway (94482),Service Technician - Class A,,Bonus - Non Pay Plan (BN1),250,
Steven Calaway (94482),Service Technician - Class A,,Bonus - Cash Spiff (SPF),250,
Tomas Ynostroza (206253),Express Lube Advisor,,Bonus - Non Pay Plan (BN1),160,
Tomas Ynostroza (206253),Express Lube Advisor,,Bonus - Cash Spiff (SPF),160,
Valentin Mendez (89336),Dealer Trade Driver FT,,Bonus - Non Pay Plan (BN1),418.45,
Veronica Gonzalez (On Leave) (228750),F&I Manager,,,,
Walter Hall (79209),Service Technician - Class C,,,,
Waylin Doucet (232283),Lot Attendant/Porter,,,,
Wayne Bowen (96652),Service Technician - Class B,,Bonus - Non Pay Plan (BN1),235,
Wayne Bowen (96652),Service Technician - Class B,,Bonus - Cash Spiff (SPF),235,
Aaron Johnson (200427),Service Technician - Class A,,Bonus - Non Pay Plan (BN1),350,
Aaron Johnson (200427),Service Technician - Class A,,Bonus - Non Pay Plan Bonus (BN1),250,
Aaron Johnson (200427),Service Technician - Class A,,Bonus - Cash Spiff (SPF),250,
Adan Zamora (94389),Service Technician - Class C,,Bonus - Non Pay Plan (BN1),350,
Adan Zamora (94389),Service Technician - Class C,,Bonus - Non Pay Plan (BN1),250,
Adan Zamora (94389),Service Technician - Class C,,Bonus - Cash Spiff (SPF),250,
Adolfo Landin (163656),Parts Driver,,,,
Adrian Gonzalez (238639),Porter,,,,
Alex Callahan (234691),Sales Representative,,Bonus - Non Pay Plan (BN1),1700,
Alex Callahan (234691),Sales Representative,,Bonus - Cash Spiff (SPF),1700,
Alexandria Miller (241811),Receptionist,,,,
Alynn Skinner (162964),General Manager,,,,
Alyssa Luna (171890),Centralized Invoicing Admin,,Bonus - Non Pay Plan (BN1),700,
Amanda Eiferd (173668),F&I Manager,,,,
America Munoz (241262),Receptionist,,,,
Andrea Armstrong (239695),Sales Representative,,,,
Andrew Spence (230191),Sales Desk Manager,,,,
Andrew Munoz (244950),Lot Attendant/Porter,,,,
Anthony Breaker (176690),Service Technician - Class B,,Bonus - Non Pay Plan (BN1),100,
Anthony Breaker (176690),Service Technician - Class B,,Bonus - Non Pay Plan (BN1),150,
Anthony Breaker (176690),Service Technician - Class B,,Bonus - Cash Spiff (SPF),150,
Ashley Cantu (181562),BDC Administrator,,Bonus - Pay Plan (BN2),1600,
Ashley Ramos (232675),Receptionist,,,,
Atley Emmons (241927),Detailer,,,,
Benito Flores (242755),Sales Representative,,Bonus - Non Pay Plan (BN1),450,
Benito Flores (242755),Sales Representative,,Bonus - Cash Spiff (SPF),450,
Benjamin Garcia (192968),F&I Manager,,,,
Benjamin Ramsey (233560),Service Technician - Class B,,Bonus - Non Pay Plan (BN1),235,
Benjamin Ramsey (233560),Service Technician - Class B,,Bonus - Cash Spiff (SPF),235,
Bianca Bueno (232612),Sales Representative,,Bonus - Non Pay Plan (BN1),150,
Bianca Bueno (232612),Sales Representative,,Bonus - Cash Spiff (SPF),150,
Brandi Gomez (231923),F&I Clerk,,,,
Brandon Ramirez (243425),Service Advisor,,,,
Brandon Quintanilla (243648),Internet Sales Representative,,,,
Brett Bargdill (230468),Sales Desk Manager,,Bonus - Non Pay Plan (BN1),300,
Brett Bargdill (230468),Sales Desk Manager,,Bonus - Cash Spiff (SPF),300,
Brian Carmona (239133),Sales Representative,,Bonus - Non Pay Plan (BN1),250,
Brian Carmona (239133),Sales Representative,,Bonus - Cash Spiff (SPF),250,
Bruce Benedict (173608),Service Technician - Class A,,Bonus - Non Pay Plan (BN1),350,
Bruce Benedict (173608),Service Technician - Class A,,Bonus - Non Pay Plan (BN1),250,
Bruce Benedict (173608),Service Technician - Class A,,Bonus - Cash Spiff (SPF),250,
Candy Villarreal (206322),F&I Clerk,,,,
Cassandra Bustamante (232300),Janitor,,,,
Charles Hernandez (238101),Porter,,,,
Christopher Witcraft (188791),Sales Desk Manager,,,,
Christopher Barrios (210936),Sales Representative,,Bonus - Non Pay Plan (BN1),250,
Christopher Barrios (210936),Sales Representative,,Bonus - Cash Spiff (SPF),250,
Cipriano Rodriguez (229238),Sales Representative,,Bonus - Non Pay Plan (BN1),450,
Cipriano Rodriguez (229238),Sales Representative,,Bonus - Cash Spiff (SPF),450,
Claudine Lawson (79269),Merchandising Administrator,,,,
Cornelius Halgryn (205123),Sales Representative,,,,
Courtney Leal (239629),Sales Representative,,,,
Damian Welch (242941),Sales Representative,,Bonus - Non Pay Plan (BN1),300,
Damian Welch (242941),Sales Representative,,Bonus - Cash Spiff (SPF),300,
Daniel Valverde (199968),Porter,,,,
Darren Steinle (238739),Porter,,,,
David Womack (79342),Parts Manager,,Bonus - Non Pay Plan (BN1),1736,
David Womack (79342),Parts Manager,,Bonus - Non Pay Plan (BN1),1200,
David Wylly (164162),Service Technician - Class A,,Bonus - Non Pay Plan (BN1),100,
David Wylly (164162),Service Technician - Class A,,Bonus - Non Pay Plan (BN1),150,
David Wylly (164162),Service Technician - Class A,,Bonus - Cash Spiff (SPF),150,
David Machado (165631),Service Advisor,,Bonus - Non Pay Plan (BN1),195,
David Machado (165631),Service Advisor,,Bonus - Cash Spiff (SPF),195,
Devin Martinez (99443),F&I Clerk,,,,
Douglas Alexander (On Leave) (92021),Sales Representative,,,,
Dylan Heflin (On Leave) (238500),Sales Representative,,,,
Felix Colon (234242),Sales Representative,,,,
Frances Rabara (234739),F&I Manager,,,,
Frank Rios (170865),Assistant Sales Manager,,,,
Gabriel Garcia (205262),Express Lube Advisor,,Bonus - Non Pay Plan (BN1),270,
Gabriel Garcia (205262),Express Lube Advisor,,Bonus - Cash Spiff (SPF),270,
Garrett Johnson (179656),Sales Representative,,Bonus - Non Pay Plan (BN1),100,
Garrett Johnson (179656),Sales Representative,,Bonus - Cash Spiff (SPF),100,
Gary Gordon (232730),Sales Desk Manager,,Bonus - Non Pay Plan (BN1),100,
Gary Gordon (232730),Sales Desk Manager,,Bonus - Cash Spiff (SPF),100,
Gary MacGregor (234426),Dealer Trade Driver,,,,
Gilbert Martinez (232146),Sales Representative,,Bonus - Non Pay Plan (BN1),100,
Gilbert Martinez (232146),Sales Representative,,Bonus - Cash Spiff (SPF),100,
Gloria Haynes (241225),Receptionist,,,,
Gregory Rodriguez (On Leave) (203855),Sales Representative,,,,
Israel Nanez (165857),Sales Desk Manager,,,,
Jacob Garcia (233481),Lube Technician - Class D,,,,
Jaydon Leeder (244908),Service Technician - Class A,,,,
Jeffery Van Duyn (204878),Parts Advisor,,,,
Jerald Deleon (178841),Shipping/Receiving Clerk,,,,
Jeremy Steinmeyer (232729),Sales Representative,,,,
Jerry Bibb (225048),Internet Sales Representative,,Bonus - Non Pay Plan (BN1),1300,
Jerry Bibb (225048),Internet Sales Representative,,Bonus - Cash Spiff (SPF),1300,
Joel Montez (176188),Detailer,,,,
Jonathan Emmons (195285),Service Advisor,,Bonus - Non Pay Plan (BN1),610,
Jonathan Emmons (195285),Service Advisor,,Bonus - Cash Spiff (SPF),610,
Jonathan Rodriguez (244633),Lube Technician - Class D,,,,
Jorge Reyes (10596),Sales Representative,,,,
Jose Rivera (79215),Service Technician - Class A,,Bonus - Non Pay Plan (BN1),100,
Jose Rivera (79215),Service Technician - Class A,,Bonus - Non Pay Plan (BN1),150,
Jose Rivera (79215),Service Technician - Class A,,Bonus - Cash Spiff (SPF),150,
Jose Ochoa (242622),Internet Sales Representative,,Bonus - Non Pay Plan (BN1),800,
Jose Ochoa (242622),Internet Sales Representative,,Bonus - Cash Spiff (SPF),800,
Joseph Moreno (95869),Shipping/Receiving Clerk,,,,
Joshua Brewer (232433),F&I Manager,,,,
Joshua Encinia (241824),Sales Representative,,Bonus - Non Pay Plan (BN1),300,
Joshua Encinia (241824),Sales Representative,,Bonus - Cash Spiff (SPF),300,
Juan Benavides (200589),Parts Advisor,,,,
Kayla Fuentes (206635),Sales Representative,,Bonus - Non Pay Plan (BN1),1850,
Kayla Fuentes (206635),Sales Representative,,Bonus - Cash Spiff (SPF),1850,
Kelly Spears (231424),Sales Representative,,Bonus - Non Pay Plan (BN1),350,
Kelly Spears (231424),Sales Representative,,Bonus - Cash Spiff (SPF),350,
Kennet Hernandez (204724),Lube Technician - Class D,,,,
Kevin Garza (243247),Sales Representative,,Bonus - Non Pay Plan (BN1),700,
Kevin Garza (243247),Sales Representative,,Bonus - Cash Spiff (SPF),700,
Lorenz Martinez (205619),Parts Advisor,,,,
Luis Ramirez (238352),Detailer,,,,
Luis Mortera (241166),Porter,,,,
Mariana Ceballos- Banda (171302),BDC Administrator,,Bonus - Pay Plan (BN2),1750,
Mario Flores (179292),Lube Technician - Class D,,,,
Marissa Alvarado (205622),Sales Representative,,Bonus - Non Pay Plan (BN1),1650,
Marissa Alvarado (205622),Sales Representative,,Bonus - Cash Spiff (SPF),1650,
Mark Quintanilla (240144),Sales Representative,,Bonus - Non Pay Plan (BN1),1025,
Mark Quintanilla (240144),Sales Representative,,Bonus - Cash Spiff (SPF),1025,
Maximilian Castillo (245105),Sales Representative,,,,
Melissa Ramos (166262),Detailer,,,,
Michael Baker (79331),Parts Advisor,,,,
Michael Castillo (172968),Service Technician - Class B,,,,
Michael Castillo (172968),Service Technician - Class B,,Bonus - Non Pay Plan (BN1),100,
Michael Castillo (172968),Service Technician - Class B,,Bonus - Cash Spiff (SPF),100,
Michael Dawes (On Leave) (208975),Sales Representative,,,,
Michael Rodriguez (232033),F&I Manager,,Bonus - Non Pay Plan (BN1),2292,
Michael-Edward Braun (238374),Sales Representative,,,,
Miguel Planas-Costas (207401),Lube Technician - Class D,,,,
Mitchell Clemens (241108),Lube Technician - Class D,,,,
Monica Lawhon (79312),Service Advisor,,Bonus - Non Pay Plan (BN1),510,
Monica Lawhon (79312),Service Advisor,,Bonus - Cash Spiff (SPF),510,
Nicholas Pacheco (196740),Sales Representative,,Bonus - Non Pay Plan (BN1),400,
Nicholas Pacheco (196740),Sales Representative,,Bonus - Cash Spiff (SPF),400,
Nicholas Timms (241954),Lube Technician - Class D,,,,
Noe Ramos (99303),Detail Manager,,,,
Paul Louck (239806),Sales Representative,,Bonus - Non Pay Plan (BN1),1050,
Paul Louck (239806),Sales Representative,,Bonus - Cash Spiff (SPF),1050,
Paul Villarreal (242209),Porter,,,,
Randy Garza (210695),Dispatch,,Bonus - Non Pay Plan (BN1),2000,
Raymond Wright (244138),Lot Attendant/Porter,,,,
Rebecca Aceves (232346),F&I Clerk,,,,
Robert Rivera (82738),Service Technician - Class B,,Bonus - Non Pay Plan (BN1),235,
Robert Rivera (82738),Service Technician - Class B,,Bonus - Cash Spiff (SPF),235,
Robert Nowell (164282),Dealer Trade Driver,,,,
Robert Jones (170688),Dealer Trade Driver,,,,
Robert Cervantes (181646),Sales Representative,,Bonus - Non Pay Plan (BN1),100,
Robert Cervantes (181646),Sales Representative,,Bonus - Cash Spiff (SPF),100,
Rodrigo Diaz (205193),Sales Representative,,Bonus - Non Pay Plan (BN1),300,
Rodrigo Diaz (205193),Sales Representative,,Bonus - Cash Spiff (SPF),300,
Roland Worden (238380),Sales Representative,,,,
Rory Ashurst (79257),Service Manager,,,,
Rosa Linda Rodarte (79350),Cashier/Receptionist,,,,
Ruben De La Cruz Jr (174873),Express Lube Advisor,,,,
Rudolfo Ramos (196156),Lube Technician - Class D,,,,
Samuel Pedraza (209092),F&I Manager,,,,
Santiago Marquez (233390),Sales Representative,,Bonus - Non Pay Plan (BN1),100,
Santiago Marquez (233390),Sales Representative,,Bonus - Cash Spiff (SPF),100,
Sarah Guerrero (162303),Warranty/Ins Administrator,,,,
Seth Ackerman (209368),Sales Representative,,Bonus - Non Pay Plan (BN1),1100,
Seth Ackerman (209368),Sales Representative,,Bonus - Cash Spiff (SPF),1100,
Steven Dick (79305),Assistant Service Manager,,,,
Steven Calaway (94482),Service Technician - Class A,,Bonus - Non Pay Plan (BN1),250,
Steven Calaway (94482),Service Technician - Class A,,Bonus - Cash Spiff (SPF),250,
Tomas Ynostroza (206253),Express Lube Advisor,,Bonus - Non Pay Plan (BN1),160,
Tomas Ynostroza (206253),Express Lube Advisor,,Bonus - Cash Spiff (SPF),160,
Valentin Mendez (89336),Dealer Trade Driver FT,,Bonus - Non Pay Plan (BN1),418.45,
Veronica Gonzalez (On Leave) (228750),F&I Manager,,,,
Walter Hall (79209),Service Technician - Class C,,,,
Waylin Doucet (232283),Lot Attendant/Porter,,,,
Wayne Bowen (96652),Service Technician - Class B,,Bonus - Non Pay Plan (BN1),235,
Wayne Bowen (96652),Service Technician - Class B,,Bonus - Cash Spiff (SPF),235,
Aaron Johnson (200427),Service Technician - Class A,,Bonus - Non Pay Plan (BN1),350,
Aaron Johnson (200427),Service Technician - Class A,,Bonus - Non Pay Plan Bonus (BN1),250,
Aaron Johnson (200427),Service Technician - Class A,,Bonus - Cash Spiff (SPF),250,
Adan Zamora (94389),Service Technician - Class C,,Bonus - Non Pay Plan (BN1),350,
Adan Zamora (94389),Service Technician - Class C,,Bonus - Non Pay Plan (BN1),250,
Adan Zamora (94389),Service Technician - Class C,,Bonus - Cash Spiff (SPF),250,
Adolfo Landin (163656),Parts Driver,,,,
Adrian Gonzalez (238639),Porter,,,,
Alex Callahan (234691),Sales Representative,,Bonus - Non Pay Plan (BN1),1700,
Alex Callahan (234691),Sales Representative,,Bonus - Cash Spiff (SPF),1700,
Alexandria Miller (241811),Receptionist,,,,
Alynn Skinner (162964),General Manager,,,,
Alyssa Luna (171890),Centralized Invoicing Admin,,Bonus - Non Pay Plan (BN1),700,
Amanda Eiferd (173668),F&I Manager,,,,
America Munoz (241262),Receptionist,,,,
Andrea Armstrong (239695),Sales Representative,,,,
Andrew Spence (230191),Sales Desk Manager,,,,
Andrew Munoz (244950),Lot Attendant/Porter,,,,
Anthony Breaker (176690),Service Technician - Class B,,Bonus - Non Pay Plan (BN1),100,
Anthony Breaker (176690),Service Technician - Class B,,Bonus - Non Pay Plan (BN1),150,
Anthony Breaker (176690),Service Technician - Class B,,Bonus - Cash Spiff (SPF),150,
Ashley Cantu (181562),BDC Administrator,,Bonus - Pay Plan (BN2),1600,
Ashley Ramos (232675),Receptionist,,,,
Atley Emmons (241927),Detailer,,,,
Benito Flores (242755),Sales Representative,,Bonus - Non Pay Plan (BN1),450,
Benito Flores (242755),Sales Representative,,Bonus - Cash Spiff (SPF),450,
Benjamin Garcia (192968),F&I Manager,,,,
Benjamin Ramsey (233560),Service Technician - Class B,,Bonus - Non Pay Plan (BN1),235,
Benjamin Ramsey (233560),Service Technician - Class B,,Bonus - Cash Spiff (SPF),235,
Bianca Bueno (232612),Sales Representative,,Bonus - Non Pay Plan (BN1),150,
Bianca Bueno (232612),Sales Representative,,Bonus - Cash Spiff (SPF),150,
Brandi Gomez (231923),F&I Clerk,,,,
Brandon Ramirez (243425),Service Advisor,,,,
Brandon Quintanilla (243648),Internet Sales Representative,,,,
Brett Bargdill (230468),Sales Desk Manager,,Bonus - Non Pay Plan (BN1),300,
Brett Bargdill (230468),Sales Desk Manager,,Bonus - Cash Spiff (SPF),300,
Brian Carmona (239133),Sales Representative,,Bonus - Non Pay Plan (BN1),250,
Brian Carmona (239133),Sales Representative,,Bonus - Cash Spiff (SPF),250,
Bruce Benedict (173608),Service Technician - Class A,,Bonus - Non Pay Plan (BN1),350,
Bruce Benedict (173608),Service Technician - Class A,,Bonus - Non Pay Plan (BN1),250,
Bruce Benedict (173608),Service Technician - Class A,,Bonus - Cash Spiff (SPF),250,
Candy Villarreal (206322),F&I Clerk,,,,
Cassandra Bustamante (232300),Janitor,,,,
Charles Hernandez (238101),Porter,,,,
Christopher Witcraft (188791),Sales Desk Manager,,,,
Christopher Barrios (210936),Sales Representative,,Bonus - Non Pay Plan (BN1),250,
Christopher Barrios (210936),Sales Representative,,Bonus - Cash Spiff (SPF),250,
Cipriano Rodriguez (229238),Sales Representative,,Bonus - Non Pay Plan (BN1),450,
Cipriano Rodriguez (229238),Sales Representative,,Bonus - Cash Spiff (SPF),450,
Claudine Lawson (79269),Merchandising Administrator,,,,
Cornelius Halgryn (205123),Sales Representative,,,,
Courtney Leal (239629),Sales Representative,,,,
Damian Welch (242941),Sales Representative,,Bonus - Non Pay Plan (BN1),300,
Damian Welch (242941),Sales Representative,,Bonus - Cash Spiff (SPF),300,
Daniel Valverde (199968),Porter,,,,
Darren Steinle (238739),Porter,,,,
David Womack (79342),Parts Manager,,Bonus - Non Pay Plan (BN1),1736,
David Womack (79342),Parts Manager,,Bonus - Non Pay Plan (BN1),1200,
David Wylly (164162),Service Technician - Class A,,Bonus - Non Pay Plan (BN1),100,
David Wylly (164162),Service Technician - Class A,,Bonus - Non Pay Plan (BN1),150,
David Wylly (164162),Service Technician - Class A,,Bonus - Cash Spiff (SPF),150,
David Machado (165631),Service Advisor,,Bonus - Non Pay Plan (BN1),195,
David Machado (165631),Service Advisor,,Bonus - Cash Spiff (SPF),195,
Devin Martinez (99443),F&I Clerk,,,,
Douglas Alexander (On Leave) (92021),Sales Representative,,,,
Dylan Heflin (On Leave) (238500),Sales Representative,,,,
Felix Colon (234242),Sales Representative,,,,
Frances Rabara (234739),F&I Manager,,,,
Frank Rios (170865),Assistant Sales Manager,,,,
Gabriel Garcia (205262),Express Lube Advisor,,Bonus - Non Pay Plan (BN1),270,
Gabriel Garcia (205262),Express Lube Advisor,,Bonus - Cash Spiff (SPF),270,
Garrett Johnson (179656),Sales Representative,,Bonus - Non Pay Plan (BN1),100,
Garrett Johnson (179656),Sales Representative,,Bonus - Cash Spiff (SPF),100,
Gary Gordon (232730),Sales Desk Manager,,Bonus - Non Pay Plan (BN1),100,
Gary Gordon (232730),Sales Desk Manager,,Bonus - Cash Spiff (SPF),100,
Gary MacGregor (234426),Dealer Trade Driver,,,,
Gilbert Martinez (232146),Sales Representative,,Bonus - Non Pay Plan (BN1),100,
Gilbert Martinez (232146),Sales Representative,,Bonus - Cash Spiff (SPF),100,
Gloria Haynes (241225),Receptionist,,,,
Gregory Rodriguez (On Leave) (203855),Sales Representative,,,,
Israel Nanez (165857),Sales Desk Manager,,,,
Jacob Garcia (233481),Lube Technician - Class D,,,,
Jaydon Leeder (244908),Service Technician - Class A,,,,
Jeffery Van Duyn (204878),Parts Advisor,,,,
Jerald Deleon (178841),Shipping/Receiving Clerk,,,,
Jeremy Steinmeyer (232729),Sales Representative,,,,
Jerry Bibb (225048),Internet Sales Representative,,Bonus - Non Pay Plan (BN1),1300,
Jerry Bibb (225048),Internet Sales Representative,,Bonus - Cash Spiff (SPF),1300,
Joel Montez (176188),Detailer,,,,
Jonathan Emmons (195285),Service Advisor,,Bonus - Non Pay Plan (BN1),610,
Jonathan Emmons (195285),Service Advisor,,Bonus - Cash Spiff (SPF),610,
Jonathan Rodriguez (244633),Lube Technician - Class D,,,,
Jorge Reyes (10596),Sales Representative,,,,
Jose Rivera (79215),Service Technician - Class A,,Bonus - Non Pay Plan (BN1),100,
Jose Rivera (79215),Service Technician - Class A,,Bonus - Non Pay Plan (BN1),150,
Jose Rivera (79215),Service Technician - Class A,,Bonus - Cash Spiff (SPF),150,
Jose Ochoa (242622),Internet Sales Representative,,Bonus - Non Pay Plan (BN1),800,
Jose Ochoa (242622),Internet Sales Representative,,Bonus - Cash Spiff (SPF),800,
Joseph Moreno (95869),Shipping/Receiving Clerk,,,,
Joshua Brewer (232433),F&I Manager,,,,
Joshua Encinia (241824),Sales Representative,,Bonus - Non Pay Plan (BN1),300,
Joshua Encinia (241824),Sales Representative,,Bonus - Cash Spiff (SPF),300,
Juan Benavides (200589),Parts Advisor,,,,
Kayla Fuentes (206635),Sales Representative,,Bonus - Non Pay Plan (BN1),1850,
Kayla Fuentes (206635),Sales Representative,,Bonus - Cash Spiff (SPF),1850,
Kelly Spears (231424),Sales Representative,,Bonus - Non Pay Plan (BN1),350,
Kelly Spears (231424),Sales Representative,,Bonus - Cash Spiff (SPF),350,
Kennet Hernandez (204724),Lube Technician - Class D,,,,
Kevin Garza (243247),Sales Representative,,Bonus - Non Pay Plan (BN1),700,
Kevin Garza (243247),Sales Representative,,Bonus - Cash Spiff (SPF),700,
Lorenz Martinez (205619),Parts Advisor,,,,
Luis Ramirez (238352),Detailer,,,,
Luis Mortera (241166),Porter,,,,
Mariana Ceballos- Banda (171302),BDC Administrator,,Bonus - Pay Plan (BN2),1750,
Mario Flores (179292),Lube Technician - Class D,,,,
Marissa Alvarado (205622),Sales Representative,,Bonus - Non Pay Plan (BN1),1650,
Marissa Alvarado (205622),Sales Representative,,Bonus - Cash Spiff (SPF),1650,
Mark Quintanilla (240144),Sales Representative,,Bonus - Non Pay Plan (BN1),1025,
Mark Quintanilla (240144),Sales Representative,,Bonus - Cash Spiff (SPF),1025,
Maximilian Castillo (245105),Sales Representative,,,,
Melissa Ramos (166262),Detailer,,,,
Michael Baker (79331),Parts Advisor,,,,
Michael Castillo (172968),Service Technician - Class B,,,,
Michael Castillo (172968),Service Technician - Class B,,Bonus - Non Pay Plan (BN1),100,
Michael Castillo (172968),Service Technician - Class B,,Bonus - Cash Spiff (SPF),100,
Michael Dawes (On Leave) (208975),Sales Representative,,,,
Michael Rodriguez (232033),F&I Manager,,Bonus - Non Pay Plan (BN1),2292,
Michael-Edward Braun (238374),Sales Representative,,,,
Miguel Planas-Costas (207401),Lube Technician - Class D,,,,
Mitchell Clemens (241108),Lube Technician - Class D,,,,
Monica Lawhon (79312),Service Advisor,,Bonus - Non Pay Plan (BN1),510,
Monica Lawhon (79312),Service Advisor,,Bonus - Cash Spiff (SPF),510,
Nicholas Pacheco (196740),Sales Representative,,Bonus - Non Pay Plan (BN1),400,
Nicholas Pacheco (196740),Sales Representative,,Bonus - Cash Spiff (SPF),400,
Nicholas Timms (241954),Lube Technician - Class D,,,,
Noe Ramos (99303),Detail Manager,,,,
Paul Louck (239806),Sales Representative,,Bonus - Non Pay Plan (BN1),1050,
Paul Louck (239806),Sales Representative,,Bonus - Cash Spiff (SPF),1050,
Paul Villarreal (242209),Porter,,,,
Randy Garza (210695),Dispatch,,Bonus - Non Pay Plan (BN1),2000,
Raymond Wright (244138),Lot Attendant/Porter,,,,
Rebecca Aceves (232346),F&I Clerk,,,,
Robert Rivera (82738),Service Technician - Class B,,Bonus - Non Pay Plan (BN1),235,
Robert Rivera (82738),Service Technician - Class B,,Bonus - Cash Spiff (SPF),235,
Robert Nowell (164282),Dealer Trade Driver,,,,
Robert Jones (170688),Dealer Trade Driver,,,,
Robert Cervantes (181646),Sales Representative,,Bonus - Non Pay Plan (BN1),100,
Robert Cervantes (181646),Sales Representative,,Bonus - Cash Spiff (SPF),100,
Rodrigo Diaz (205193),Sales Representative,,Bonus - Non Pay Plan (BN1),300,
Rodrigo Diaz (205193),Sales Representative,,Bonus - Cash Spiff (SPF),300,
Roland Worden (238380),Sales Representative,,,,
Rory Ashurst (79257),Service Manager,,,,
Rosa Linda Rodarte (79350),Cashier/Receptionist,,,,
Ruben De La Cruz Jr (174873),Express Lube Advisor,,,,
Rudolfo Ramos (196156),Lube Technician - Class D,,,,
Samuel Pedraza (209092),F&I Manager,,,,
Santiago Marquez (233390),Sales Representative,,Bonus - Non Pay Plan (BN1),100,
Santiago Marquez (233390),Sales Representative,,Bonus - Cash Spiff (SPF),100,
Sarah Guerrero (162303),Warranty/Ins Administrator,,,,
Seth Ackerman (209368),Sales Representative,,Bonus - Non Pay Plan (BN1),1100,
Seth Ackerman (209368),Sales Representative,,Bonus - Cash Spiff (SPF),1100,
Steven Dick (79305),Assistant Service Manager,,,,
Steven Calaway (94482),Service Technician - Class A,,Bonus - Non Pay Plan (BN1),250,
Steven Calaway (94482),Service Technician - Class A,,Bonus - Cash Spiff (SPF),250,
Tomas Ynostroza (206253),Express Lube Advisor,,Bonus - Non Pay Plan (BN1),160,
Tomas Ynostroza (206253),Express Lube Advisor,,Bonus - Cash Spiff (SPF),160,
Valentin Mendez (89336),Dealer Trade Driver FT,,Bonus - Non Pay Plan (BN1),418.45,
Veronica Gonzalez (On Leave) (228750),F&I Manager,,,,
Walter Hall (79209),Service Technician - Class C,,,,
Waylin Doucet (232283),Lot Attendant/Porter,,,,
Wayne Bowen (96652),Service Technician - Class B,,Bonus - Non Pay Plan (BN1),235,
Wayne Bowen (96652),Service Technician - Class B,,Bonus - Cash Spiff (SPF),235,