Customer Number,Customer Name,Collateral Code,Serial Number,Brand,Model,Year,Stock Number,Effective Date,Current Principal Amount,Maturity Date
67294,Suburban Cadillac of Plymouth,New GM,1G6DL5RP2P0410611,CADI,CT4-V BLACKWING,2023,,44966,73030.36,45950
67294,Suburban Cadillac of Plymouth,New GM,1G6DL5RP2P0561044,CADI,CT4-V BLACKWING,2023,,44966,81111.28,45950
67294,Suburban Cadillac of Plymouth,New GM,1G6DY5R64P0810422,CADI,CT5-V BLACKWING,2023,,44966,99776.82,45950
67294,Suburban Cadillac of Plymouth,New GM,1G6DL5RP5P0410991,CADI,CT4-V BLACKWING,2023,,44985,70511.82,45981
67294,Suburban Cadillac of Plymouth,New GM,1G6DL5RP6P0411082,CADI,CT4-V BLACKWING,2023,,45006,65352.1,46011
67294,Suburban Cadillac of Plymouth,New GM,1G6DY5R66P0810518,CADI,CT5-V BLACKWING,2023,,44986,94956.79,45981
67294,Suburban Cadillac of Plymouth,New GM,1GYKNDR42PZ203351,CADI,XT5 PREMIUM LUXURY,2023,,45016,54603.79,46011
67294,Suburban Cadillac of Plymouth,New GM,1GYKNDR44PZ204680,CADI,XT5 PREMIUM LUXURY,2023,,45019,54052.93,46011
67294,Suburban Cadillac of Plymouth,New GM,1G6DG5RK6P0144731,CADI,CT4 SPORT,2023,,45106,48327.63,46101
67294,Suburban Cadillac of Plymouth,New GM,1G6DL5RPXP0566024,CADI,CT4-V BLACKWING,2023,,45047,84141.01,46042
67294,Suburban Cadillac of Plymouth,New GM,1G6DL5RPXP0568033,CADI,CT4-V BLACKWING,2023,,45089,81111.28,46073
67294,Suburban Cadillac of Plymouth,New GM,1G6DS5RK4P0155080,CADI,CT5 LUXURY,2023,,45103,47534.25,46101
67294,Suburban Cadillac of Plymouth,New GM,1G6DS5RKXP0155200,CADI,CT5 LUXURY,2023,,45103,48865.5,46101
67294,Suburban Cadillac of Plymouth,New GM,1G6DS5RW1P0156111,CADI,CT5 LUXURY,2023,,45110,50954.17,46101
67294,Suburban Cadillac of Plymouth,New GM,1G6DV5RW1P0155449,CADI,CT5-V,2023,,45107,62050.9,46101
67294,Suburban Cadillac of Plymouth,New GM,1G6DY5R61P0860839,CADI,CT5-V BLACKWING,2023,,45061,92592.69,46042
67294,Suburban Cadillac of Plymouth,New GM,1G6DY5R66P0810793,CADI,CT5-V BLACKWING,2023,,45068,98160.96,46073
67294,Suburban Cadillac of Plymouth,New GM,1GYFZDR40PF221631,CADI,XT4 PREMIUM LUXURY,2023,,45082,43808.75,46073
67294,Suburban Cadillac of Plymouth,New GM,1GYFZDR41RF100108,CADI,XT4 PREMIUM LUXURY,2024,,45100,48896.52,46101
67294,Suburban Cadillac of Plymouth,New GM,1GYFZDR41RF101209,CADI,XT4 PREMIUM LUXURY,2024,,45125,49268.36,46101
67294,Suburban Cadillac of Plymouth,New GM,1GYFZDR42RF100991,CADI,XT4 PREMIUM LUXURY,2024,,45131,48717.5,46132
67294,Suburban Cadillac of Plymouth,New GM,1GYFZDR42RF101218,CADI,XT4 PREMIUM LUXURY,2024,,45125,49268.36,46101
67294,Suburban Cadillac of Plymouth,New GM,1GYFZDR43RF101258,CADI,XT4 PREMIUM LUXURY,2024,,45126,48717.5,46101
67294,Suburban Cadillac of Plymouth,New GM,1GYFZDR44PF221230,CADI,XT4 PREMIUM LUXURY,2023,,45082,47756.58,46073
67294,Suburban Cadillac of Plymouth,New GM,1GYFZDR44RF100930,CADI,XT4 PREMIUM LUXURY,2024,,45118,49474.93,46101
67294,Suburban Cadillac of Plymouth,New GM,1GYFZDR44RF100992,CADI,XT4 PREMIUM LUXURY,2024,,45119,48717.5,46101
67294,Suburban Cadillac of Plymouth,New GM,1GYFZDR45RF100130,CADI,XT4 PREMIUM LUXURY,2024,,45100,48924.07,46101
67294,Suburban Cadillac of Plymouth,New GM,1GYFZDR45RF100998,CADI,XT4 PREMIUM LUXURY,2024,,45119,49268.36,46101
67294,Suburban Cadillac of Plymouth,New GM,1GYFZDR45RF101309,CADI,XT4 PREMIUM LUXURY,2024,,45127,49268.36,46101
67294,Suburban Cadillac of Plymouth,New GM,1GYFZDR46RF101206,CADI,XT4 PREMIUM LUXURY,2024,,45126,48717.5,46101
67294,Suburban Cadillac of Plymouth,New GM,1GYFZDR47RF100131,CADI,XT4 PREMIUM LUXURY,2024,,45100,49474.93,46101
67294,Suburban Cadillac of Plymouth,New GM,1GYFZDR47RF100730,CADI,XT4 PREMIUM LUXURY,2024,,45112,49750.36,46101
67294,Suburban Cadillac of Plymouth,New GM,1GYFZDR48RF100140,CADI,XT4 PREMIUM LUXURY,2024,,45100,49474.93,46101
67294,Suburban Cadillac of Plymouth,New GM,1GYFZDR49RF100132,CADI,XT4 PREMIUM LUXURY,2024,,45100,48924.07,46101
67294,Suburban Cadillac of Plymouth,New GM,1GYFZDR49RF101362,CADI,XT4 PREMIUM LUXURY,2024,,45127,48717.5,46101
67294,Suburban Cadillac of Plymouth,New GM,1GYFZDR4XRF100138,CADI,XT4 PREMIUM LUXURY,2024,,45100,48924.07,46101
67294,Suburban Cadillac of Plymouth,New GM,1GYFZFR43RF101045,CADI,XT4 SPORT,2024,,45119,51303.58,46101
67294,Suburban Cadillac of Plymouth,New GM,1GYFZFR43RF101210,CADI,XT4 SPORT,2024,,45125,50573.7,46101
67294,Suburban Cadillac of Plymouth,New GM,1GYFZFR43RF101241,CADI,XT4 SPORT,2024,,45131,50573.7,46132
67294,Suburban Cadillac of Plymouth,New GM,1GYFZFR44RF100115,CADI,XT4 SPORT,2024,,45100,50752.72,46101
67294,Suburban Cadillac of Plymouth,New GM,1GYFZFR44RF100518,CADI,XT4 SPORT,2024,,45106,50752.72,46101
67294,Suburban Cadillac of Plymouth,New GM,1GYFZFR46RF100505,CADI,XT4 SPORT,2024,,45110,51303.58,46101
67294,Suburban Cadillac of Plymouth,New GM,1GYFZFR46RF100732,CADI,XT4 SPORT,2024,,45119,50573.7,46101
67294,Suburban Cadillac of Plymouth,New GM,1GYFZFR47RF101212,CADI,XT4 SPORT,2024,,45125,50573.7,46101
67294,Suburban Cadillac of Plymouth,New GM,1GYFZFR48RF100506,CADI,XT4 SPORT,2024,,45110,50752.72,46101
67294,Suburban Cadillac of Plymouth,New GM,1GYFZFR48RF101221,CADI,XT4 SPORT,2024,,45125,50573.7,46101
67294,Suburban Cadillac of Plymouth,New GM,1GYFZFR49RF101227,CADI,XT4 SPORT,2024,,45127,50573.7,46101
67294,Suburban Cadillac of Plymouth,New GM,1GYFZFR4XRF101057,CADI,XT4 SPORT,2024,,45119,51303.58,46101
67294,Suburban Cadillac of Plymouth,New GM,1GYFZFR4XRF101236,CADI,XT4 SPORT,2024,,45126,50573.7,46101
67294,Suburban Cadillac of Plymouth,New GM,1GYKNCR49RZ701799,CADI,XT5 PREMIUM LUXURY,2024,,45104,49831.12,46101
67294,Suburban Cadillac of Plymouth,New GM,1GYKNCR4XRZ701987,CADI,XT5 PREMIUM LUXURY,2024,,45105,50404.93,46101
67294,Suburban Cadillac of Plymouth,New GM,1GYKNCRS4RZ704799,CADI,XT5 PREMIUM LUXURY,2024,,45131,51873.89,46132
67294,Suburban Cadillac of Plymouth,New GM,1GYKNDRS0RZ702117,CADI,XT5 PREMIUM LUXURY,2024,,45117,58054.66,46101
67294,Suburban Cadillac of Plymouth,New GM,1GYKNDRS0RZ702151,CADI,XT5 PREMIUM LUXURY,2024,,45107,56728.01,46101
67294,Suburban Cadillac of Plymouth,New GM,1GYKNDRS0RZ703476,CADI,XT5 PREMIUM LUXURY,2024,,45127,53744.19,46101
67294,Suburban Cadillac of Plymouth,New GM,1GYKNDRS0RZ703512,CADI,XT5 PREMIUM LUXURY,2024,,45124,53744.19,46101
67294,Suburban Cadillac of Plymouth,New GM,1GYKNDRS0RZ703722,CADI,XT5 PREMIUM LUXURY,2024,,45124,55832.86,46101
67294,Suburban Cadillac of Plymouth,New GM,1GYKNDRS3RZ702824,CADI,XT5 PREMIUM LUXURY,2024,,45110,57278.87,46101
67294,Suburban Cadillac of Plymouth,New GM,1GYKNDRS5RZ702291,CADI,XT5 PREMIUM LUXURY,2024,,45107,56728.01,46101
67294,Suburban Cadillac of Plymouth,New GM,1GYKNDRS5RZ703585,CADI,XT5 PREMIUM LUXURY,2024,,45124,55282,46101
67294,Suburban Cadillac of Plymouth,New GM,1GYKNDRS6PZ212665,CADI,XT5 PREMIUM LUXURY,2023,,45117,51073.29,46101
67294,Suburban Cadillac of Plymouth,New GM,1GYKNDRS7PZ212674,CADI,XT5 PREMIUM LUXURY,2023,,45131,55342.86,46132
67294,Suburban Cadillac of Plymouth,New GM,1GYKNDRS9RZ701323,CADI,XT5 PREMIUM LUXURY,2024,,45128,54148.15,46132
67294,Suburban Cadillac of Plymouth,New GM,1GYKNDRS9RZ702679,CADI,XT5 PREMIUM LUXURY,2024,,45110,57278.87,46101
67294,Suburban Cadillac of Plymouth,New GM,1GYKNDRS9RZ703556,CADI,XT5 PREMIUM LUXURY,2024,,45124,54708.19,46101
67294,Suburban Cadillac of Plymouth,New GM,1GYKNDRSXRZ701993,CADI,XT5 PREMIUM LUXURY,2024,,45105,57278.87,46101
67294,Suburban Cadillac of Plymouth,New GM,1GYKNDRSXRZ703565,CADI,XT5 PREMIUM LUXURY,2024,,45124,53193.33,46101
67294,Suburban Cadillac of Plymouth,New GM,1GYKNFRSXRZ703870,CADI,XT5 PLATINUM PREMIUM LUXURY,2024,,45124,62282.52,46101
67294,Suburban Cadillac of Plymouth,New GM,1GYKPCRS6RZ702014,CADI,XT6 PREMIUM LUXURY,2024,,45105,55609.76,46101
67294,Suburban Cadillac of Plymouth,New GM,1GYKPDRS0PZ215202,CADI,XT6 PREMIUM LUXURY,2023,,45043,61419.89,46042
67294,Suburban Cadillac of Plymouth,New GM,1GYKPDRS1PZ213345,CADI,XT6 PREMIUM LUXURY,2023,,45117,55608.46,46101
67294,Suburban Cadillac of Plymouth,New GM,1GYKPDRS2PZ212947,CADI,XT6 PREMIUM LUXURY,2023,,45117,55057.6,46101
67294,Suburban Cadillac of Plymouth,New GM,1GYKPDRS3RZ702901,CADI,XT6 PREMIUM LUXURY,2024,,45112,60417.98,46101
67294,Suburban Cadillac of Plymouth,New GM,1GYKPDRS4PZ213467,CADI,XT6 PREMIUM LUXURY,2023,,45117,55608.46,46101
67294,Suburban Cadillac of Plymouth,New GM,1GYKPDRS6PZ213566,CADI,XT6 PREMIUM LUXURY,2023,,45117,55608.46,46101
67294,Suburban Cadillac of Plymouth,New GM,1GYKPDRS6RZ702004,CADI,XT6 PREMIUM LUXURY,2024,,45105,59132.64,46101
67294,Suburban Cadillac of Plymouth,New GM,1GYKPDRS7PZ215570,CADI,XT6 PREMIUM LUXURY,2023,,45070,60869.03,46073
67294,Suburban Cadillac of Plymouth,New GM,1GYKPDRS8PZ213021,CADI,XT6 PREMIUM LUXURY,2023,,45117,55057.6,46101
67294,Suburban Cadillac of Plymouth,New GM,1GYKPDRS8PZ213469,CADI,XT6 PREMIUM LUXURY,2023,,45117,55608.46,46101
67294,Suburban Cadillac of Plymouth,New GM,1GYKPDRS8RZ701033,CADI,XT6 PREMIUM LUXURY,2024,,45097,61611.51,46073
67294,Suburban Cadillac of Plymouth,New GM,1GYKPDRS9PZ214372,CADI,XT6 PREMIUM LUXURY,2023,,45042,61419.89,46042
67294,Suburban Cadillac of Plymouth,New GM,1GYKPDRS9PZ215215,CADI,XT6 PREMIUM LUXURY,2023,,45044,61419.89,46042
67294,Suburban Cadillac of Plymouth,New GM,1GYKPDRS9PZ228465,CADI,XT6 PREMIUM LUXURY,2023,,45120,60869.03,46101
67294,Suburban Cadillac of Plymouth,New GM,1GYKPDRSXRZ700241,CADI,XT6 PREMIUM LUXURY,2024,,45117,61060.65,46101
67294,Suburban Cadillac of Plymouth,New GM,1GYKPGRS0RZ702386,CADI,XT6 SPORT,2024,,45107,63896.45,46101
67294,Suburban Cadillac of Plymouth,New GM,1GYKPGRS1RZ702672,CADI,XT6 SPORT,2024,,45110,65324.1,46101
67294,Suburban Cadillac of Plymouth,New GM,1GYKPHRSXRZ702272,CADI,XT6 SPORT PLATINUM,2024,,45110,72439.37,46101
67294,Suburban Cadillac of Plymouth,New GM,1GYKPMRK1PZ000735,CADI,LYRIQ LUXURY,2023,,45114,58926.59,46101
67294,Suburban Cadillac of Plymouth,New GM,1GYKPMRK5RZ100811,CADI,LYRIQ TECH,2024,,45113,58617.32,46101
67294,Suburban Cadillac of Plymouth,New GM,1GYKPMRK7PZ000674,CADI,LYRIQ LUXURY,2023,,45114,58926.59,46101
67294,Suburban Cadillac of Plymouth,New GM,1GYKPMRKXPZ000782,CADI,LYRIQ LUXURY,2023,,45047,59500.41,46042
67294,Suburban Cadillac of Plymouth,New GM,1GYKPMRKXPZ002340,CADI,LYRIQ LUXURY,2023,,45114,60965.42,46101
67294,Suburban Cadillac of Plymouth,New GM,1GYKPMRL6RZ100034,CADI,LYRIQ TECH,2024,,45113,62184.13,46101
67294,Suburban Cadillac of Plymouth,New GM,1GYKPPRK6RZ102875,CADI,LYRIQ LUXURY,2024,,45126,60695.55,46101
67294,Suburban Cadillac of Plymouth,New GM,1GYKPPRL3RZ101045,CADI,LYRIQ LUXURY,2024,,45126,64363.37,46101
67294,Suburban Cadillac of Plymouth,New GM,1GYKPTRK0RZ100595,CADI,LYRIQ SPORT,2024,,45113,62088.12,46101
67294,Suburban Cadillac of Plymouth,New GM,1GYKPTRK5RZ101080,CADI,LYRIQ SPORT,2024,,45113,61537.26,46101
67294,Suburban Cadillac of Plymouth,New GM,1GYKPTRK7RZ101436,CADI,LYRIQ SPORT,2024,,45126,61725.46,46101
67294,Suburban Cadillac of Plymouth,New GM,1GYKPTRL0RZ100430,CADI,LYRIQ SPORT,2024,,45113,64479.76,46101
67294,Suburban Cadillac of Plymouth,New GM,1GYKPTRL0RZ101643,CADI,LYRIQ SPORT,2024,,45113,64291.56,46101
67294,Suburban Cadillac of Plymouth,New GM,1GYKPTRL2RZ101627,CADI,LYRIQ SPORT,2024,,45119,63717.74,46101
67294,Suburban Cadillac of Plymouth,New GM,1GYKPTRL5RZ101749,CADI,LYRIQ SPORT,2024,,45121,64842.42,46101
67294,Suburban Cadillac of Plymouth,New GM,1GYKPTRL8RZ100398,CADI,LYRIQ SPORT,2024,,45113,64938.81,46101
67294,Suburban Cadillac of Plymouth,New GM,1GYS4BKL0PR437822,CADI,ESCALADE PREMIUM LUXURY,2023,,45128,93768.21,46132
67294,Suburban Cadillac of Plymouth,New GM,1GYS4BKL2PR428619,CADI,ESCALADE PREMIUM LUXURY,2023,,45117,96797.94,46101
67294,Suburban Cadillac of Plymouth,New GM,1GYS4BKL4PR410557,CADI,ESCALADE PREMIUM LUXURY,2023,,45099,93194.4,46101
67294,Suburban Cadillac of Plymouth,New GM,1GYS4BKL4PR432221,CADI,ESCALADE PREMIUM LUXURY,2023,,45120,95673.27,46101
67294,Suburban Cadillac of Plymouth,New GM,1GYS4BKL5PR424032,CADI,ESCALADE PREMIUM LUXURY,2023,,45112,94319.07,46101
67294,Suburban Cadillac of Plymouth,New GM,1GYS4BKL6PR437792,CADI,ESCALADE PREMIUM LUXURY,2023,,45128,95416.2,46132
67294,Suburban Cadillac of Plymouth,New GM,1GYS4BKL7PR389834,CADI,ESCALADE PREMIUM LUXURY,2023,,45078,94319.07,46073
67294,Suburban Cadillac of Plymouth,New GM,1GYS4BKL8PR425966,CADI,ESCALADE PREMIUM LUXURY,2023,,45114,93194.4,46101
67294,Suburban Cadillac of Plymouth,New GM,1GYS4CKL0PR433808,CADI,ESCALADE PREMIUM LUXURY,2023,,45121,102774.77,46101
67294,Suburban Cadillac of Plymouth,New GM,1GYS4CKL3PR412600,CADI,ESCALADE PREMIUM LUXURY,2023,,45100,98014.43,46101
67294,Suburban Cadillac of Plymouth,New GM,1GYS4FKL1PR429333,CADI,ESCALADE SPORT,2023,,45117,104822.78,46101
67294,Suburban Cadillac of Plymouth,New GM,1GYS4FKL3PR413134,CADI,ESCALADE SPORT,2023,,45100,105947.46,46101
67294,Suburban Cadillac of Plymouth,New GM,1GYS4FKL6PR429568,CADI,ESCALADE SPORT,2023,,45118,102986.58,46101
67294,Suburban Cadillac of Plymouth,New GM,1GYS4GKL4PR355590,CADI,ESCALADE SPORT PLATINUM,2023,,45117,101266.18,46101
67294,Suburban Cadillac of Plymouth,New GM,1GYS4GKL5PR355694,CADI,ESCALADE SPORT PLATINUM,2023,,45117,101266.18,46101
67294,Suburban Cadillac of Plymouth,New GM,1GYS4GKL6PR354120,CADI,ESCALADE SPORT PLATINUM,2023,,45117,102390.85,46101
67294,Suburban Cadillac of Plymouth,New GM,1GYS4GKL6PR355607,CADI,ESCALADE SPORT PLATINUM,2023,,45117,101266.18,46101
67294,Suburban Cadillac of Plymouth,New GM,1GYS4GKL6PR410282,CADI,ESCALADE SPORT PLATINUM,2023,,45103,116135.37,46101
67294,Suburban Cadillac of Plymouth,New GM,1GYS4GKL7PR354112,CADI,ESCALADE SPORT PLATINUM,2023,,45117,102390.85,46101
67294,Suburban Cadillac of Plymouth,New GM,1GYS4GKL8PR355642,CADI,ESCALADE SPORT PLATINUM,2023,,45117,101266.18,46101
67294,Suburban Cadillac of Plymouth,New GM,1GYS4KKL0PR391974,CADI,ESCALADE ESV PREMIUM LUXURY,2023,,45079,99672.24,46073
67294,Suburban Cadillac of Plymouth,New GM,1GYS4KKL4PR420604,CADI,ESCALADE ESV PREMIUM LUXURY,2023,,45128,98547.57,46132
67294,Suburban Cadillac of Plymouth,New GM,1GYS4KKL6PR425481,CADI,ESCALADE ESV PREMIUM LUXURY,2023,,45113,96068.7,46101
67294,Suburban Cadillac of Plymouth,New GM,1GYS4KKL6PR439610,CADI,ESCALADE ESV PREMIUM LUXURY,2023,,45131,99024.98,46132
67294,Suburban Cadillac of Plymouth,New GM,1GYS4PKL9PR399746,CADI,ESCALADE ESV SPORT,2023,,45091,105007.05,46073
67294,Suburban Cadillac of Plymouth,New GM,1GYS4PKT1PR411744,CADI,ESCALADE ESV SPORT,2023,,45100,106531.09,46101
67294,Suburban Cadillac of Plymouth,New GM,1GYS4RKL3PR362347,CADI,ESCALADE ESV SPORT PLATINUM,2023,,45117,104459.29,46101
67294,Suburban Cadillac of Plymouth,New GM,1GYS4RKT6PR416952,CADI,ESCALADE ESV SPORT PLATINUM,2023,,45106,115534.67,46101
67296,Suburban Cadillac of Troy,CTP and CTA,1G6DS5RK6P0130715,CADI,CT5 LUXURY,2023,,45036,47615.98,45920
67296,Suburban Cadillac of Troy,CTP and CTA,1G6DU5RK9P0108590,CADI,CT5 SPORT,2023,,44987,48796.43,45889
67296,Suburban Cadillac of Troy,CTP and CTA,1GYFZDR40PF152732,CADI,XT4 PREMIUM LUXURY,2023,,45021,42422.95,45889
67296,Suburban Cadillac of Troy,CTP and CTA,1GYFZDR4XPF155895,CADI,XT4 PREMIUM LUXURY,2023,,45096,44228.19,45950
67296,Suburban Cadillac of Troy,CTP and CTA,1GYKNDR47PZ178303,CADI,XT5 PREMIUM LUXURY,2023,,45021,49705.08,45889
67296,Suburban Cadillac of Troy,CTP and CTA,1G6DS5RK7P0130951,CADI,CT5 LUXURY,2023,,45036,47615.98,45920
67296,Suburban Cadillac of Troy,CTP and CTA,1G6DS5RK9P0130336,CADI,CT5 LUXURY,2023,,45021,46623.98,45889
67296,Suburban Cadillac of Troy,CTP and CTA,1G6DX5RK5P0133588,CADI,CT5 LUXURY,2023,,45036,41564.39,45920
67296,Suburban Cadillac of Troy,CTP and CTA,1GYFZDR42PF171735,CADI,XT4 PREMIUM LUXURY,2023,,45096,44228.19,45950
67296,Suburban Cadillac of Troy,CTP and CTA,1GYFZDR47PF173349,CADI,XT4 PREMIUM LUXURY,2023,,45021,42548.09,45889
67296,Suburban Cadillac of Troy,CTP and CTA,1GYFZDR47PF181113,CADI,XT4 PREMIUM LUXURY,2023,,45096,44358.65,45950
67296,Suburban Cadillac of Troy,CTP and CTA,1GYFZDR48PF171691,CADI,XT4 PREMIUM LUXURY,2023,,45091,44048.25,45950
67296,Suburban Cadillac of Troy,CTP and CTA,1GYFZDR48PF173389,CADI,XT4 PREMIUM LUXURY,2023,,45096,44358.65,45950
67296,Suburban Cadillac of Troy,CTP and CTA,1GYFZDR48PF180925,CADI,XT4 PREMIUM LUXURY,2023,,45096,44358.65,45950
67296,Suburban Cadillac of Troy,CTP and CTA,1GYFZDR4XPF173393,CADI,XT4 PREMIUM LUXURY,2023,,45096,44358.65,45950
67296,Suburban Cadillac of Troy,CTP and CTA,1GYFZDR4XPF173569,CADI,XT4 PREMIUM LUXURY,2023,,45096,44358.65,45950
67296,Suburban Cadillac of Troy,CTP and CTA,1GYKNDR40PZ193256,CADI,XT5 PREMIUM LUXURY,2023,,45045,50233.82,45920
67296,Suburban Cadillac of Troy,CTP and CTA,1GYKNDR40PZ198005,CADI,XT5 PREMIUM LUXURY,2023,,45049,51732.17,45920
67296,Suburban Cadillac of Troy,CTP and CTA,1GYKNDR43PZ184695,CADI,XT5 PREMIUM LUXURY,2023,,45045,51181.3,45920
67296,Suburban Cadillac of Troy,CTP and CTA,1GYKNDR45PZ182527,CADI,XT5 PREMIUM LUXURY,2023,,45045,50233.82,45920
67296,Suburban Cadillac of Troy,CTP and CTA,1GYKNDR45PZ197965,CADI,XT5 PREMIUM LUXURY,2023,,45055,52260.99,45920
67296,Suburban Cadillac of Troy,CTP and CTA,1GYKNDR47PZ184263,CADI,XT5 PREMIUM LUXURY,2023,,45033,51172.22,45889
67296,Suburban Cadillac of Troy,CTP and CTA,1GYKNDR47PZ198762,CADI,XT5 PREMIUM LUXURY,2023,,45055,52260.99,45920
67296,Suburban Cadillac of Troy,CTP and CTA,1GYKNDR48PZ193120,CADI,XT5 PREMIUM LUXURY,2023,,45049,50762.64,45920
67296,Suburban Cadillac of Troy,CTP and CTA,1GYKNDR48PZ196051,CADI,XT5 PREMIUM LUXURY,2023,,45055,51181.3,45920
67296,Suburban Cadillac of Troy,CTP and CTA,1GYKNDR48PZ196485,CADI,XT5 PREMIUM LUXURY,2023,,45065,51280.36,45950
67296,Suburban Cadillac of Troy,CTP and CTA,1GYKNDRS3PZ177888,CADI,XT5 PREMIUM LUXURY,2023,,45033,50283.31,45889
67296,Suburban Cadillac of Troy,CTP and CTA,1GYKPDRS1PZ204791,CADI,XT6 PREMIUM LUXURY,2023,,45065,57186.36,45950
67296,Suburban Cadillac of Troy,CTP and CTA,1GYKPDRS1PZ207139,CADI,XT6 PREMIUM LUXURY,2023,,45065,57186.36,45950
67296,Suburban Cadillac of Troy,CTP and CTA,1GYKPDRS3PZ198461,CADI,XT6 PREMIUM LUXURY,2023,,45063,56019.29,45920
67296,Suburban Cadillac of Troy,CTP and CTA,1GYKPDRS5PZ203644,CADI,XT6 PREMIUM LUXURY,2023,,45091,56084.17,45950
67296,Suburban Cadillac of Troy,CTP and CTA,1GYKPDRS5PZ204888,CADI,XT6 PREMIUM LUXURY,2023,,45065,57186.36,45950
67296,Suburban Cadillac of Troy,CTP and CTA,1GYKPDRS8PZ198181,CADI,XT6 PREMIUM LUXURY,2023,,45065,59300.75,45950
67296,Suburban Cadillac of Troy,CTP and CTA,1GYKPDRSXPZ204904,CADI,XT6 PREMIUM LUXURY,2023,,45063,58090.53,45920
67296,Suburban Cadillac of Troy,CTP and CTA,1G6DV5RW9P0150452,CADI,CT5-V,2023,,45083,60647.93,45950
67296,Suburban Cadillac of Troy,CTP and CTA,1GYFZBR44PF220972,CADI,XT4 LUXURY,2023,,45105,41665.06,45981
67296,Suburban Cadillac of Troy,CTP and CTA,1GYFZDR40PF221676,CADI,XT4 PREMIUM LUXURY,2023,,45105,45263.93,45981
67296,Suburban Cadillac of Troy,CTP and CTA,1GYFZDR41PF221766,CADI,XT4 PREMIUM LUXURY,2023,,45105,44690.13,45981
67296,Suburban Cadillac of Troy,CTP and CTA,1GYFZDR42PF221761,CADI,XT4 PREMIUM LUXURY,2023,,45105,44690.13,45981
67296,Suburban Cadillac of Troy,CTP and CTA,1GYFZDR43PF212731,CADI,XT4 PREMIUM LUXURY,2023,,45105,45263.93,45981
67296,Suburban Cadillac of Troy,CTP and CTA,1GYFZDR48PF225216,CADI,XT4 PREMIUM LUXURY,2023,,45105,46273.84,45981
67296,Suburban Cadillac of Troy,CTP and CTA,1GYFZFR40PF224069,CADI,XT4 SPORT,2023,,45105,46665.08,45981
67296,Suburban Cadillac of Troy,CTP and CTA,1GYFZFR41PF194290,CADI,XT4 SPORT,2023,,45105,46389.65,45981
67296,Suburban Cadillac of Troy,CTP and CTA,1GYFZFR44PF225032,CADI,XT4 SPORT,2023,,45105,45264.99,45981
67296,Suburban Cadillac of Troy,CTP and CTA,1GYFZFR46PF225176,CADI,XT4 SPORT,2023,,45105,45264.99,45981
67296,Suburban Cadillac of Troy,CTP and CTA,1GYFZFR4XPF194286,CADI,XT4 SPORT,2023,,45105,46389.65,45981
67296,Suburban Cadillac of Troy,CTP and CTA,1GYFZFR4XPF209594,CADI,XT4 SPORT,2023,,45105,45838.79,45981
67296,Suburban Cadillac of Troy,CTP and CTA,1GYKPPRL2PZ003136,CADI,LYRIQ LUXURY,2023,,45126,62496.02,45981
67296,Suburban Cadillac of Troy,New GM,1G6DL5RP0P0410638,CADI,CT4-V BLACKWING,2023,,44966,69945.54,45950
67296,Suburban Cadillac of Troy,New GM,1G6DL5RP4P0410738,CADI,CT4-V BLACKWING,2023,,44966,69832.42,45950
67296,Suburban Cadillac of Troy,New GM,1G6DL5RP4P0561031,CADI,CT4-V BLACKWING,2023,,44966,80893.89,45950
67296,Suburban Cadillac of Troy,New GM,1G6DL5RPXP0410582,CADI,CT4-V BLACKWING,2023,,44966,70666.26,45950
67296,Suburban Cadillac of Troy,New GM,1G6DS5RK1P0109643,CADI,CT5 LUXURY,2023,,45086,47699.25,45950
67296,Suburban Cadillac of Troy,New GM,1G6DS5RKXP0126120,CADI,CT5 LUXURY,2023,,45118,48629.55,45950
67296,Suburban Cadillac of Troy,New GM,1GYKNDRS4PZ111933,CADI,XT5 PREMIUM LUXURY,2023,,44966,53795.86,45950
67296,Suburban Cadillac of Troy,New GM,1GYKNDRS4PZ169041,CADI,XT5 PREMIUM LUXURY,2023,,44966,53795.86,45950
67296,Suburban Cadillac of Troy,New GM,1GYKNDRS9PZ178673,CADI,XT5 PREMIUM LUXURY,2023,,45127,50568.1,45950
67296,Suburban Cadillac of Troy,New GM,1GYKPDRS7PZ128705,CADI,XT6 PREMIUM LUXURY,2023,,44966,57449.1,45950
67296,Suburban Cadillac of Troy,New GM,1G6DL5RP0P0410980,CADI,CT4-V BLACKWING,2023,,44980,67234.2,45981
67296,Suburban Cadillac of Troy,New GM,1G6DL5RP6P0410952,CADI,CT4-V BLACKWING,2023,,44978,67596.85,45981
67296,Suburban Cadillac of Troy,New GM,1G6DU5RK3P0133002,CADI,CT5 SPORT,2023,,45107,52474.4,45981
67296,Suburban Cadillac of Troy,New GM,1G6DU5RK3P0133386,CADI,CT5 SPORT,2023,,44980,56106.81,45981
67296,Suburban Cadillac of Troy,New GM,1G6DY5R65P0810476,CADI,CT5-V BLACKWING,2023,,44972,98688.87,45950
67296,Suburban Cadillac of Troy,New GM,1G6DY5R69P0810626,CADI,CT5-V BLACKWING,2023,,45019,98840.35,46011
67296,Suburban Cadillac of Troy,New GM,1GYKNDR42PZ184607,CADI,XT5 PREMIUM LUXURY,2023,,45126,50654.42,45981
67296,Suburban Cadillac of Troy,New GM,1GYKNDR43PZ183675,CADI,XT5 PREMIUM LUXURY,2023,,45112,52260.99,45950
67296,Suburban Cadillac of Troy,New GM,1GYKNDR45PZ183872,CADI,XT5 PREMIUM LUXURY,2023,,45118,52260.99,45950
67296,Suburban Cadillac of Troy,New GM,1GYKNDR45PZ185573,CADI,XT5 PREMIUM LUXURY,2023,,45127,50233.82,45981
67296,Suburban Cadillac of Troy,New GM,1GYKNDR47PZ189298,CADI,XT5 PREMIUM LUXURY,2023,,45117,51280.36,45981
67296,Suburban Cadillac of Troy,New GM,1GYKNDR4XPZ184807,CADI,XT5 PREMIUM LUXURY,2023,,45112,52809.92,45981
67296,Suburban Cadillac of Troy,New GM,1GYKPDRS0PZ186641,CADI,XT6 PREMIUM LUXURY,2023,,45118,54939.59,45981
67296,Suburban Cadillac of Troy,New GM,1GYKPDRS9PZ189120,CADI,XT6 PREMIUM LUXURY,2023,,45107,57186.36,45981
67296,Suburban Cadillac of Troy,New GM,1GYKPDRS9PZ189425,CADI,XT6 PREMIUM LUXURY,2023,,45126,54334.42,45981
67296,Suburban Cadillac of Troy,New GM,1GYKPHRS0PZ184847,CADI,XT6 SPORT PLATINUM,2023,,45112,71962.31,45981
67296,Suburban Cadillac of Troy,New GM,1G6DF5RK0P0149183,CADI,CT4 PREMIUM LUXURY,2023,,45070,46911.66,46073
67296,Suburban Cadillac of Troy,New GM,1G6DL5RP3P0568052,CADI,CT4-V BLACKWING,2023,,45097,81372.94,46073
67296,Suburban Cadillac of Troy,New GM,1G6DL5RP8P0411147,CADI,CT4-V BLACKWING,2023,,45048,70493.46,46042
67296,Suburban Cadillac of Troy,New GM,1G6DL5RP9P0566063,CADI,CT4-V BLACKWING,2023,,45047,84402.67,46042
67296,Suburban Cadillac of Troy,New GM,1G6DS5RK1P0157384,CADI,CT5 LUXURY,2023,,45124,49531.12,46101
67296,Suburban Cadillac of Troy,New GM,1G6DS5RK2P0156907,CADI,CT5 LUXURY,2023,,45124,50655.79,46101
67296,Suburban Cadillac of Troy,New GM,1G6DS5RK3P0157354,CADI,CT5 LUXURY,2023,,45124,49531.12,46101
67296,Suburban Cadillac of Troy,New GM,1G6DS5RK3P0157466,CADI,CT5 LUXURY,2023,,45124,50655.79,46101
67296,Suburban Cadillac of Troy,New GM,1G6DS5RK5P0152222,CADI,CT5 LUXURY,2023,,45089,52386.41,46073
67296,Suburban Cadillac of Troy,New GM,1G6DS5RK7P0155221,CADI,CT5 LUXURY,2023,,45104,50104.93,46101
67296,Suburban Cadillac of Troy,New GM,1G6DS5RKXP0155939,CADI,CT5 LUXURY,2023,,45110,50104.93,46101
67296,Suburban Cadillac of Troy,New GM,1G6DS5RW1P0155735,CADI,CT5 LUXURY,2023,,45110,52900.54,46101
67296,Suburban Cadillac of Troy,New GM,1G6DS5RW2P0156604,CADI,CT5 LUXURY,2023,,45121,53956.36,46101
67296,Suburban Cadillac of Troy,New GM,1G6DS5RW5P0156645,CADI,CT5 LUXURY,2023,,45121,53956.36,46101
67296,Suburban Cadillac of Troy,New GM,1G6DS5RW6P0155827,CADI,CT5 LUXURY,2023,,45110,52900.54,46101
67296,Suburban Cadillac of Troy,New GM,1G6DS5RW9P0155837,CADI,CT5 LUXURY,2023,,45110,52900.54,46101
67296,Suburban Cadillac of Troy,New GM,1G6DU5RK0P0154826,CADI,CT5 SPORT,2023,,45103,50983.81,46101
67296,Suburban Cadillac of Troy,New GM,1G6DU5RK4P0157499,CADI,CT5 SPORT,2023,,45125,50410,46101
67296,Suburban Cadillac of Troy,New GM,1G6DU5RK6P0152238,CADI,CT5 SPORT,2023,,45089,50947.09,46073
67296,Suburban Cadillac of Troy,New GM,1G6DU5RK6P0153017,CADI,CT5 SPORT,2023,,45090,53453.5,46073
67296,Suburban Cadillac of Troy,New GM,1G6DU5RK7P0158159,CADI,CT5 SPORT,2023,,45131,53366.28,46132
67296,Suburban Cadillac of Troy,New GM,1G6DY5R60P0810790,CADI,CT5-V BLACKWING,2023,,45068,95796.86,46073
67296,Suburban Cadillac of Troy,New GM,1G6DY5R62P0810788,CADI,CT5-V BLACKWING,2023,,45068,96086.05,46073
67296,Suburban Cadillac of Troy,New GM,1G6DY5R63P0810685,CADI,CT5-V BLACKWING,2023,,45040,95512.25,46042
67296,Suburban Cadillac of Troy,New GM,1G6DY5R64P0810677,CADI,CT5-V BLACKWING,2023,,45040,95512.25,46042
67296,Suburban Cadillac of Troy,New GM,1G6DY5R65P0810719,CADI,CT5-V BLACKWING,2023,,45056,105358.86,46042
67296,Suburban Cadillac of Troy,New GM,1G6DY5R68P0810925,CADI,CT5-V BLACKWING,2023,,45104,109765.74,46101
67296,Suburban Cadillac of Troy,New GM,1G6DY5R6XP0810716,CADI,CT5-V BLACKWING,2023,,45055,105358.86,46042
67296,Suburban Cadillac of Troy,New GM,1G6DY5R6XP0810943,CADI,CT5-V BLACKWING,2023,,45110,109600.49,46101
67296,Suburban Cadillac of Troy,New GM,1GYFZDR42RF101235,CADI,XT4 PREMIUM LUXURY,2024,,45131,49314.26,46132
67296,Suburban Cadillac of Troy,New GM,1GYFZDR48RF101238,CADI,XT4 PREMIUM LUXURY,2024,,45131,49865.12,46132
67296,Suburban Cadillac of Troy,New GM,1GYFZDR49RF101233,CADI,XT4 PREMIUM LUXURY,2024,,45131,49314.26,46132
67296,Suburban Cadillac of Troy,New GM,1GYFZFR4XPF223950,CADI,XT4 SPORT,2023,,45097,46665.08,46073
67296,Suburban Cadillac of Troy,New GM,1GYKNCRS4RZ700915,CADI,XT5 PREMIUM LUXURY,2024,,45097,51850.94,46073
67296,Suburban Cadillac of Troy,New GM,1GYKNDR40RZ701938,CADI,XT5 PREMIUM LUXURY,2024,,45105,52752.64,46101
67296,Suburban Cadillac of Troy,New GM,1GYKNDR46PZ184657,CADI,XT5 PREMIUM LUXURY,2023,,45128,53887.67,46132
67296,Suburban Cadillac of Troy,New GM,1GYKNDRS0PZ209163,CADI,XT5 PREMIUM LUXURY,2023,,45117,50522.43,46101
67296,Suburban Cadillac of Troy,New GM,1GYKNDRS0PZ214251,CADI,XT5 PREMIUM LUXURY,2023,,45117,51073.29,46101
67296,Suburban Cadillac of Troy,New GM,1GYKNDRS0RZ700061,CADI,XT5 PREMIUM LUXURY,2024,,45093,53464.16,46073
67296,Suburban Cadillac of Troy,New GM,1GYKNDRS0RZ702442,CADI,XT5 PREMIUM LUXURY,2024,,45107,54198.64,46101
67296,Suburban Cadillac of Troy,New GM,1GYKNDRS0RZ703350,CADI,XT5 PREMIUM LUXURY,2024,,45121,54015.02,46101
67296,Suburban Cadillac of Troy,New GM,1GYKNDRS0RZ704420,CADI,XT5 PREMIUM LUXURY,2024,,45128,52619.51,46132
67296,Suburban Cadillac of Troy,New GM,1GYKNDRS1RZ703406,CADI,XT5 PREMIUM LUXURY,2024,,45121,54015.02,46101
67296,Suburban Cadillac of Troy,New GM,1GYKNDRS1RZ704703,CADI,XT5 PREMIUM LUXURY,2024,,45131,53464.16,46132
67296,Suburban Cadillac of Troy,New GM,1GYKNDRS2PZ212453,CADI,XT5 PREMIUM LUXURY,2023,,45117,51073.29,46101
67296,Suburban Cadillac of Troy,New GM,1GYKNDRS2RZ703768,CADI,XT5 PREMIUM LUXURY,2024,,45126,54221.6,46101
67296,Suburban Cadillac of Troy,New GM,1GYKNDRS3RZ700149,CADI,XT5 PREMIUM LUXURY,2024,,45093,55901.72,46073
67296,Suburban Cadillac of Troy,New GM,1GYKNDRS3RZ702001,CADI,XT5 PREMIUM LUXURY,2024,,45117,53670.74,46101
67296,Suburban Cadillac of Troy,New GM,1GYKNDRS3RZ702774,CADI,XT5 PREMIUM LUXURY,2024,,45110,56310.27,46101
67296,Suburban Cadillac of Troy,New GM,1GYKNDRS4PZ208968,CADI,XT5 PREMIUM LUXURY,2023,,45117,50522.43,46101
67296,Suburban Cadillac of Troy,New GM,1GYKNDRS4RZ701424,CADI,XT5 PREMIUM LUXURY,2024,,45103,54221.6,46101
67296,Suburban Cadillac of Troy,New GM,1GYKNDRS4RZ703545,CADI,XT5 PREMIUM LUXURY,2024,,45124,52890.36,46101
67296,Suburban Cadillac of Troy,New GM,1GYKNDRS4RZ703559,CADI,XT5 PREMIUM LUXURY,2024,,45124,53670.74,46101
67296,Suburban Cadillac of Troy,New GM,1GYKNDRS4RZ704338,CADI,XT5 PREMIUM LUXURY,2024,,45128,53464.16,46132
67296,Suburban Cadillac of Troy,New GM,1GYKNDRS5PZ208929,CADI,XT5 PREMIUM LUXURY,2023,,45117,50522.43,46101
67296,Suburban Cadillac of Troy,New GM,1GYKNDRS5RZ702324,CADI,XT5 PREMIUM LUXURY,2024,,45107,54221.6,46101
67296,Suburban Cadillac of Troy,New GM,1GYKNDRS5RZ702713,CADI,XT5 PREMIUM LUXURY,2024,,45110,53670.74,46101
67296,Suburban Cadillac of Troy,New GM,1GYKNDRS5RZ702744,CADI,XT5 PREMIUM LUXURY,2024,,45110,54015.02,46101
67296,Suburban Cadillac of Troy,New GM,1GYKNDRS5RZ702758,CADI,XT5 PREMIUM LUXURY,2024,,45110,54015.02,46101
67296,Suburban Cadillac of Troy,New GM,1GYKNDRS5RZ702839,CADI,XT5 PREMIUM LUXURY,2024,,45110,53096.92,46101
67296,Suburban Cadillac of Troy,New GM,1GYKNDRS6RZ702607,CADI,XT5 PREMIUM LUXURY,2024,,45110,53096.92,46101
67296,Suburban Cadillac of Troy,New GM,1GYKNDRS6RZ702820,CADI,XT5 PREMIUM LUXURY,2024,,45110,53565.16,46101
67296,Suburban Cadillac of Troy,New GM,1GYKNDRS7RZ703636,CADI,XT5 PREMIUM LUXURY,2024,,45124,54221.6,46101
67296,Suburban Cadillac of Troy,New GM,1GYKNDRS8RZ703337,CADI,XT5 PREMIUM LUXURY,2024,,45121,54015.02,46101
67296,Suburban Cadillac of Troy,New GM,1GYKNDRS8RZ703516,CADI,XT5 PREMIUM LUXURY,2024,,45124,53670.74,46101
67296,Suburban Cadillac of Troy,New GM,1GYKNDRS8RZ703533,CADI,XT5 PREMIUM LUXURY,2024,,45124,52890.36,46101
67296,Suburban Cadillac of Troy,New GM,1GYKNDRS8RZ704780,CADI,XT5 PREMIUM LUXURY,2024,,45131,54221.6,46132
67296,Suburban Cadillac of Troy,New GM,1GYKNDRS9RZ701404,CADI,XT5 PREMIUM LUXURY,2024,,45100,53670.74,46101
67296,Suburban Cadillac of Troy,New GM,1GYKNDRS9RZ701449,CADI,XT5 PREMIUM LUXURY,2024,,45103,54221.6,46101
67296,Suburban Cadillac of Troy,New GM,1GYKNDRS9RZ703587,CADI,XT5 PREMIUM LUXURY,2024,,45124,53670.74,46101
67296,Suburban Cadillac of Troy,New GM,1GYKNDRSXRZ701461,CADI,XT5 PREMIUM LUXURY,2024,,45103,54221.6,46101
67296,Suburban Cadillac of Troy,New GM,1GYKNDRSXRZ703517,CADI,XT5 PREMIUM LUXURY,2024,,45124,53670.74,46101
67296,Suburban Cadillac of Troy,New GM,1GYKNDRSXRZ703534,CADI,XT5 PREMIUM LUXURY,2024,,45124,52890.36,46101
67296,Suburban Cadillac of Troy,New GM,1GYKNDRSXRZ703646,CADI,XT5 PREMIUM LUXURY,2024,,45124,54221.6,46101
67296,Suburban Cadillac of Troy,New GM,1GYKNDRSXRZ704800,CADI,XT5 PREMIUM LUXURY,2024,,45131,54221.6,46132
67296,Suburban Cadillac of Troy,New GM,1GYKNGRS4RZ702784,CADI,XT5 SPORT,2024,,45110,58238.66,46101
67296,Suburban Cadillac of Troy,New GM,1GYKNGRS4RZ704499,CADI,XT5 SPORT,2024,,45131,57274.66,46132
67296,Suburban Cadillac of Troy,New GM,1GYKNGRS7RZ702293,CADI,XT5 SPORT,2024,,45107,59703.04,46101
67296,Suburban Cadillac of Troy,New GM,1GYKPDRS1PZ213071,CADI,XT6 PREMIUM LUXURY,2023,,45117,55057.6,46101
67296,Suburban Cadillac of Troy,New GM,1GYKPDRS2PZ224788,CADI,XT6 PREMIUM LUXURY,2023,,45065,57228.75,46042
67296,Suburban Cadillac of Troy,New GM,1GYKPDRS3RZ700310,CADI,XT6 PREMIUM LUXURY,2024,,45097,58209.94,46073
67296,Suburban Cadillac of Troy,New GM,1GYKPDRS3RZ701294,CADI,XT6 PREMIUM LUXURY,2024,,45100,58760.8,46101
67296,Suburban Cadillac of Troy,New GM,1GYKPDRS3RZ701666,CADI,XT6 PREMIUM LUXURY,2024,,45103,58003.37,46101
67296,Suburban Cadillac of Troy,New GM,1GYKPDRS3RZ702073,CADI,XT6 PREMIUM LUXURY,2024,,45105,58003.37,46101
67296,Suburban Cadillac of Troy,New GM,1GYKPDRS3RZ702591,CADI,XT6 PREMIUM LUXURY,2024,,45110,57429.56,46101
67296,Suburban Cadillac of Troy,New GM,1GYKPDRS4PZ213503,CADI,XT6 PREMIUM LUXURY,2023,,45117,55608.46,46101
67296,Suburban Cadillac of Troy,New GM,1GYKPDRS4PZ213680,CADI,XT6 PREMIUM LUXURY,2023,,45117,55608.46,46101
67296,Suburban Cadillac of Troy,New GM,1GYKPDRS4RZ700316,CADI,XT6 PREMIUM LUXURY,2024,,45097,60367.48,46073
67296,Suburban Cadillac of Troy,New GM,1GYKPDRS4RZ701692,CADI,XT6 PREMIUM LUXURY,2024,,45104,58760.8,46101
67296,Suburban Cadillac of Troy,New GM,1GYKPDRS4RZ702857,CADI,XT6 PREMIUM LUXURY,2024,,45110,59357.57,46101
67296,Suburban Cadillac of Troy,New GM,1GYKPDRS5PZ212926,CADI,XT6 PREMIUM LUXURY,2023,,45117,55057.6,46101
67296,Suburban Cadillac of Troy,New GM,1GYKPDRS5PZ226664,CADI,XT6 PREMIUM LUXURY,2023,,45070,57802.57,46073
67296,Suburban Cadillac of Troy,New GM,1GYKPDRS5RZ700275,CADI,XT6 PREMIUM LUXURY,2024,,45097,58209.94,46073
67296,Suburban Cadillac of Troy,New GM,1GYKPDRS5RZ702835,CADI,XT6 PREMIUM LUXURY,2024,,45110,58554.23,46101
67296,Suburban Cadillac of Troy,New GM,1GYKPDRS6PZ215706,CADI,XT6 PREMIUM LUXURY,2023,,45044,59822.39,46042
67296,Suburban Cadillac of Troy,New GM,1GYKPDRS6RZ700575,CADI,XT6 PREMIUM LUXURY,2024,,45097,57636.13,46073
67296,Suburban Cadillac of Troy,New GM,1GYKPDRS6RZ701418,CADI,XT6 PREMIUM LUXURY,2024,,45103,59357.57,46101
67296,Suburban Cadillac of Troy,New GM,1GYKPDRS6RZ703752,CADI,XT6 PREMIUM LUXURY,2024,,45126,58232.9,46101
67296,Suburban Cadillac of Troy,New GM,1GYKPDRS7PZ213656,CADI,XT6 PREMIUM LUXURY,2023,,45117,55608.46,46101
67296,Suburban Cadillac of Troy,New GM,1GYKPDRS7PZ227945,CADI,XT6 PREMIUM LUXURY,2023,,45076,58353.43,46073
67296,Suburban Cadillac of Troy,New GM,1GYKPDRS7RZ700486,CADI,XT6 PREMIUM LUXURY,2024,,45097,57636.13,46073
67296,Suburban Cadillac of Troy,New GM,1GYKPDRS7RZ701279,CADI,XT6 PREMIUM LUXURY,2024,,45100,58760.8,46101
67296,Suburban Cadillac of Troy,New GM,1GYKPDRS7RZ702545,CADI,XT6 PREMIUM LUXURY,2024,,45107,58806.71,46101
67296,Suburban Cadillac of Troy,New GM,1GYKPDRS7RZ702822,CADI,XT6 PREMIUM LUXURY,2024,,45110,57429.56,46101
67296,Suburban Cadillac of Troy,New GM,1GYKPDRS7RZ702836,CADI,XT6 PREMIUM LUXURY,2024,,45110,58554.23,46101
67296,Suburban Cadillac of Troy,New GM,1GYKPDRS7RZ703386,CADI,XT6 PREMIUM LUXURY,2024,,45121,60367.48,46101
67296,Suburban Cadillac of Troy,New GM,1GYKPDRS8PZ213004,CADI,XT6 PREMIUM LUXURY,2023,,45117,55057.6,46101
67296,Suburban Cadillac of Troy,New GM,1GYKPDRS8RZ702148,CADI,XT6 PREMIUM LUXURY,2024,,45107,58003.37,46101
67296,Suburban Cadillac of Troy,New GM,1GYKPDRS8RZ702828,CADI,XT6 PREMIUM LUXURY,2024,,45110,58554.23,46101
67296,Suburban Cadillac of Troy,New GM,1GYKPDRS8RZ703655,CADI,XT6 PREMIUM LUXURY,2024,,45124,58209.94,46101
67296,Suburban Cadillac of Troy,New GM,1GYKPDRS9RZ701283,CADI,XT6 PREMIUM LUXURY,2024,,45100,58760.8,46101
67296,Suburban Cadillac of Troy,New GM,1GYKPDRSXPZ224537,CADI,XT6 PREMIUM LUXURY,2023,,45065,59386.29,46042
67296,Suburban Cadillac of Troy,New GM,1GYKPDRSXRZ702765,CADI,XT6 PREMIUM LUXURY,2024,,45110,57429.56,46101
67296,Suburban Cadillac of Troy,New GM,1GYKPDRSXRZ703611,CADI,XT6 PREMIUM LUXURY,2024,,45124,58209.94,46101
67296,Suburban Cadillac of Troy,New GM,1GYKPDRSXRZ703737,CADI,XT6 PREMIUM LUXURY,2024,,45124,58760.8,46101
67296,Suburban Cadillac of Troy,New GM,1GYKPGRS0RZ702369,CADI,XT6 SPORT,2024,,45107,61614.97,46101
67296,Suburban Cadillac of Troy,New GM,1GYKPGRS1RZ702509,CADI,XT6 SPORT,2024,,45107,61394.63,46101
67296,Suburban Cadillac of Troy,New GM,1GYKPGRS8RZ700787,CADI,XT6 SPORT,2024,,45097,64855.86,46073
67296,Suburban Cadillac of Troy,New GM,1GYKPGRS9RZ700975,CADI,XT6 SPORT,2024,,45097,65135.88,46073
67296,Suburban Cadillac of Troy,New GM,1GYKPGRSXRZ702377,CADI,XT6 SPORT,2024,,45107,62519.3,46101
67296,Suburban Cadillac of Troy,New GM,1GYKPMRK5PZ003265,CADI,LYRIQ LUXURY,2023,,45051,61153.64,46042
67296,Suburban Cadillac of Troy,New GM,1GYKPMRL2RZ102038,CADI,LYRIQ TECH,2024,,45117,60324.98,46101
67296,Suburban Cadillac of Troy,New GM,1GYKPMRL7RZ100320,CADI,LYRIQ TECH,2024,,45128,62184.13,46132
67296,Suburban Cadillac of Troy,New GM,1GYKPPRK4RZ102261,CADI,LYRIQ LUXURY,2024,,45113,60544.07,46101
67296,Suburban Cadillac of Troy,New GM,1GYKPPRL3PZ002576,CADI,LYRIQ LUXURY,2023,,45114,63418.71,46101
67296,Suburban Cadillac of Troy,New GM,1GYKPPRL3RZ100736,CADI,LYRIQ LUXURY,2024,,45117,62876.04,46101
67296,Suburban Cadillac of Troy,New GM,1GYKPPRL3RZ101126,CADI,LYRIQ LUXURY,2024,,45100,63335.09,46101
67296,Suburban Cadillac of Troy,New GM,1GYKPPRL3RZ101613,CADI,LYRIQ LUXURY,2024,,45110,63794.14,46101
67296,Suburban Cadillac of Troy,New GM,1GYKPPRL4RZ101202,CADI,LYRIQ LUXURY,2024,,45114,64363.37,46101
67296,Suburban Cadillac of Troy,New GM,1GYKPPRL6RZ102142,CADI,LYRIQ LUXURY,2024,,45110,63335.09,46101
67296,Suburban Cadillac of Troy,New GM,1GYKPPRL7RZ100139,CADI,LYRIQ LUXURY,2024,,45121,63298.37,46101
67296,Suburban Cadillac of Troy,New GM,1GYKPPRLXRZ101298,CADI,LYRIQ LUXURY,2024,,45128,64822.42,46132
67296,Suburban Cadillac of Troy,New GM,1GYKPTRL1RZ101733,CADI,LYRIQ SPORT,2024,,45117,64580.75,46101
67296,Suburban Cadillac of Troy,New GM,1GYKPTRL4RZ100446,CADI,LYRIQ SPORT,2024,,45128,64387.95,46132
67296,Suburban Cadillac of Troy,New GM,1GYKPTRL5RZ101878,CADI,LYRIQ SPORT,2024,,45128,64732.24,46132
67296,Suburban Cadillac of Troy,New GM,1GYKPTRLXRZ100760,CADI,LYRIQ SPORT,2024,,45117,64176.79,46101
67296,Suburban Cadillac of Troy,New GM,1GYS4BKL1PR343612,CADI,ESCALADE PREMIUM LUXURY,2023,,45041,95792.63,46042
67296,Suburban Cadillac of Troy,New GM,1GYS4BKL4PR430968,CADI,ESCALADE PREMIUM LUXURY,2023,,45128,93286.21,46132
67296,Suburban Cadillac of Troy,New GM,1GYS4BKL7PR422198,CADI,ESCALADE PREMIUM LUXURY,2023,,45125,96049.69,46101
67296,Suburban Cadillac of Troy,New GM,1GYS4CKL9PR393289,CADI,ESCALADE PREMIUM LUXURY,2023,,45091,101351.72,46073
67296,Suburban Cadillac of Troy,New GM,1GYS4EKL6PR396355,CADI,ESCALADE SPORT,2023,,45097,98520.03,46073
67296,Suburban Cadillac of Troy,New GM,1GYS4EKL9PR390792,CADI,ESCALADE SPORT,2023,,45089,99653.88,46073
67296,Suburban Cadillac of Troy,New GM,1GYS4FKL2PR398562,CADI,ESCALADE SPORT,2023,,45097,105405.78,46073
67296,Suburban Cadillac of Troy,New GM,1GYS4FKL5PR433658,CADI,ESCALADE SPORT,2023,,45131,102279.64,46132
67296,Suburban Cadillac of Troy,New GM,1GYS4GKL2PR355331,CADI,ESCALADE SPORT PLATINUM,2023,,45117,101266.18,46101
67296,Suburban Cadillac of Troy,New GM,1GYS4GKL3PR355385,CADI,ESCALADE SPORT PLATINUM,2023,,45117,101266.18,46101
67296,Suburban Cadillac of Troy,New GM,1GYS4GKL7PR354823,CADI,ESCALADE SPORT PLATINUM,2023,,45117,102390.85,46101
67296,Suburban Cadillac of Troy,New GM,1GYS4GKL8PR431618,CADI,ESCALADE SPORT PLATINUM,2023,,45128,116750.5,46132
67296,Suburban Cadillac of Troy,New GM,1GYS4GKL9PR428906,CADI,ESCALADE SPORT PLATINUM,2023,,45127,113651.91,46101
67296,Suburban Cadillac of Troy,New GM,1GYS4GKLXPR355058,CADI,ESCALADE SPORT PLATINUM,2023,,45117,102390.85,46101
67296,Suburban Cadillac of Troy,New GM,1GYS4HK91PR428103,CADI,ESCALADE V SPORT,2023,,45125,149364.97,46101
67296,Suburban Cadillac of Troy,New GM,1GYS4HK93PR430452,CADI,ESCALADE V SPORT,2023,,45128,153055.73,46132
67296,Suburban Cadillac of Troy,New GM,1GYS4HK98PR428082,CADI,ESCALADE V SPORT,2023,,45127,149364.97,46101
67296,Suburban Cadillac of Troy,New GM,1GYS4KKL1PR368719,CADI,ESCALADE ESV PREMIUM LUXURY,2023,,45065,98666.93,46042
67296,Suburban Cadillac of Troy,New GM,1GYS4KKL3PR421064,CADI,ESCALADE ESV PREMIUM LUXURY,2023,,45119,97730.46,46101
67296,Suburban Cadillac of Troy,New GM,1GYS4KKL4PR420196,CADI,ESCALADE ESV PREMIUM LUXURY,2023,,45118,97799.32,46101
67296,Suburban Cadillac of Troy,New GM,1GYS4KKL8PR414076,CADI,ESCALADE ESV PREMIUM LUXURY,2023,,45112,98923.99,46101
67296,Suburban Cadillac of Troy,New GM,1GYS4KKL8PR420167,CADI,ESCALADE ESV PREMIUM LUXURY,2023,,45118,97799.32,46101
67296,Suburban Cadillac of Troy,New GM,1GYS4KKLXPR406965,CADI,ESCALADE ESV PREMIUM LUXURY,2023,,45107,99171.88,46101
67296,Suburban Cadillac of Troy,New GM,1GYS4PKL6PR399512,CADI,ESCALADE ESV SPORT,2023,,45097,107242.63,46073
67296,Suburban Cadillac of Troy,New GM,1GYS4RKL1PR362377,CADI,ESCALADE ESV SPORT PLATINUM,2023,,45117,104459.29,46101
67296,Suburban Cadillac of Troy,New GM,1GYS4RKL9PR433342,CADI,ESCALADE ESV SPORT PLATINUM,2023,,45131,113565.34,46132
67318,Suburban Buick GMC of Troy,CTP and CTA,1GKKNRL41PZ107047,GMC,ACADIA SLE,2023,,44966,40946.79,45828
67318,Suburban Buick GMC of Troy,CTP and CTA,1GTPUJEK5PZ199698,GMC,SIERRA K1500 ELEVATION-L,2023,,44985,50710.78,45858
67318,Suburban Buick GMC of Troy,CTP and CTA,1GTUUBED9PZ147937,GMC,SIERRA K1500 SLE,2023,,45022,52837.77,45889
67318,Suburban Buick GMC of Troy,CTP and CTA,3GKALMEG9PL124424,GMC,TERRAIN SLE,2023,,44966,27752.36,45828
67318,Suburban Buick GMC of Troy,CTP and CTA,3GKALMEV9NL301467,GMC,TERRAIN SLE,2022,,45047,29161.77,45920
67318,Suburban Buick GMC of Troy,CTP and CTA,3GKALYEG0PL135500,GMC,TERRAIN AT4,2023,,44985,37398.2,45889
67318,Suburban Buick GMC of Troy,CTP and CTA,3GKALYEG0PL163507,GMC,TERRAIN AT4,2023,,45117,40344.87,45981
67318,Suburban Buick GMC of Troy,CTP and CTA,3GKALYEG3PL135510,GMC,TERRAIN AT4,2023,,45117,39785.33,45981
67318,Suburban Buick GMC of Troy,CTP and CTA,3GKALYEGXPL135519,GMC,TERRAIN AT4,2023,,44985,36602.49,45858
67318,Suburban Buick GMC of Troy,CTP and CTA,3GTUUCED9PG159754,GMC,SIERRA K1500 ELEVATION,2023,,45022,55533.61,45889
67318,Suburban Buick GMC of Troy,CTP and CTA,5GAEVAKW5PJ136712,BUIC,ENCLAVE ESSENCE,2023,,45114,48919.18,45981
67318,Suburban Buick GMC of Troy,CTP and CTA,5GAEVAKW6PJ117442,BUIC,ENCLAVE ESSENCE,2023,,44966,46160.04,45828
67318,Suburban Buick GMC of Troy,CTP and CTA,1GKKNRL45PZ196833,GMC,ACADIA SLE,2023,,45114,42953.57,45981
67318,Suburban Buick GMC of Troy,CTP and CTA,KL4MMCSL0PB122672,BUIC,ENCORE GX PREFERRED,2023,,45022,28296.81,45889
67318,Suburban Buick GMC of Troy,CTP and CTA,KL4MMCSL4PB067496,BUIC,ENCORE GX PREFERRED,2023,,45022,28296.81,45889
67318,Suburban Buick GMC of Troy,CTP and CTA,LRBFZMR44PD035493,BUIC,ENVISION PREFERRED,2023,,44986,35390.25,45858
67318,Suburban Buick GMC of Troy,CTP and CTA,1GT40FDA1PU100666,GMC,HUMMER PICKUP 3X,2023,,45124,115160,45981
67318,Suburban Buick GMC of Troy,CTP and CTA,LRBFZRR4XPD079950,BUIC,ENVISION AVENIR,2023,,45113,45382.41,45981
67318,Suburban Buick GMC of Troy,CTP and CTA,LRBFZSR41PD081660,BUIC,ENVISION AVENIR,2023,,45114,46942.22,45981
67318,Suburban Buick GMC of Troy,New GM,1GT49WEY5PF216944,GMC,SIERRA K3500 DENALI,2023,,44966,86764.17,45950
67318,Suburban Buick GMC of Troy,New GM,1GT49WEY5PF223151,GMC,SIERRA K3500 DENALI,2023,,44966,86764.17,45950
67318,Suburban Buick GMC of Troy,New GM,1GT49WEY8PF176925,GMC,SIERRA K3500 DENALI,2023,,44966,82108.69,45950
67318,Suburban Buick GMC of Troy,New GM,1GT49WEY9PF179235,GMC,SIERRA K3500 DENALI,2023,,44966,82034.89,45950
67318,Suburban Buick GMC of Troy,New GM,1GT49WEYXPF172729,GMC,SIERRA K3500 DENALI,2023,,44966,82749.83,45950
67318,Suburban Buick GMC of Troy,New GM,1GTG5CEN0N1309068,GMC,CANYON ELEVATION,2022,,44966,37227.32,45950
67318,Suburban Buick GMC of Troy,New GM,1GTPUJEK6PZ134651,GMC,SIERRA K1500 ELEVATION-L,2023,,45064,51504.7,45950
67318,Suburban Buick GMC of Troy,New GM,1GTRUAED6PZ200965,GMC,SIERRA K1500,2023,,44966,47116.82,45950
67318,Suburban Buick GMC of Troy,New GM,1GTRUAEK9PZ148276,GMC,SIERRA K1500,2023,,44966,44515.37,45950
67318,Suburban Buick GMC of Troy,New GM,1GTRUJEKXPZ186082,GMC,SIERRA K1500 ELEVATION-L,2023,,44966,53051.83,45950
67318,Suburban Buick GMC of Troy,New GM,1GTUUBED8PZ146603,GMC,SIERRA K1500 SLE,2023,,44966,56667.04,45950
67318,Suburban Buick GMC of Troy,New GM,1GTUUBED9PZ149574,GMC,SIERRA K1500 SLE,2023,,44966,56667.04,45950
67318,Suburban Buick GMC of Troy,New GM,3GKALYEG2PL133277,GMC,TERRAIN AT4,2023,,44966,40241.97,45950
67318,Suburban Buick GMC of Troy,New GM,3GTUUCED0PG159626,GMC,SIERRA K1500 ELEVATION,2023,,44966,59534.95,45950
67318,Suburban Buick GMC of Troy,New GM,3GTUUCED6PG113685,GMC,SIERRA K1500 ELEVATION,2023,,44966,57906.03,45950
67318,Suburban Buick GMC of Troy,New GM,5GAERBKW6PJ148314,BUIC,ENCLAVE ESSENCE,2023,,45117,41291.33,45950
67318,Suburban Buick GMC of Troy,New GM,5GAERBKW8PJ136889,BUIC,ENCLAVE ESSENCE,2023,,45117,41771.74,45950
67318,Suburban Buick GMC of Troy,New GM,5GAEVAKW2PJ104879,BUIC,ENCLAVE ESSENCE,2023,,45117,46816.64,45950
67318,Suburban Buick GMC of Troy,New GM,5GAEVAKW4PJ102938,BUIC,ENCLAVE ESSENCE,2023,,45117,46452.64,45950
67318,Suburban Buick GMC of Troy,New GM,5GAEVAKW4PJ131680,BUIC,ENCLAVE ESSENCE,2023,,44966,50213.04,45950
67318,Suburban Buick GMC of Troy,New GM,5GAEVAKW8PJ138843,BUIC,ENCLAVE ESSENCE,2023,,44966,50213.04,45950
67318,Suburban Buick GMC of Troy,New GM,5GAEVCKW6PJ114889,BUIC,ENCLAVE AVENIR,2023,,44966,60224.01,45950
67318,Suburban Buick GMC of Troy,New GM,LRBAZLR44PD018715,BUIC,ENVISION PREFERRED,2023,,44966,34086.62,45950
67318,Suburban Buick GMC of Troy,New GM,1GKKNLLS3PZ200664,GMC,ACADIA AT4,2023,,45012,44581.87,46011
67318,Suburban Buick GMC of Troy,New GM,1GKKNRL40PZ196805,GMC,ACADIA SLE,2023,,45002,42953.57,45981
67318,Suburban Buick GMC of Troy,New GM,1GKKNXL40PZ204020,GMC,ACADIA DENALI,2023,,45019,54492.67,46011
67318,Suburban Buick GMC of Troy,New GM,1GKKNXL44PZ204036,GMC,ACADIA DENALI,2023,,45019,55502.8,46011
67318,Suburban Buick GMC of Troy,New GM,1GKKNXL45PZ203932,GMC,ACADIA DENALI,2023,,45019,54492.67,46011
67318,Suburban Buick GMC of Troy,New GM,1GKKNXL4XPZ203103,GMC,ACADIA DENALI,2023,,45016,55087.68,46011
67318,Suburban Buick GMC of Troy,New GM,1GKKNXLS5PZ201466,GMC,ACADIA DENALI,2023,,45013,55641.18,46011
67318,Suburban Buick GMC of Troy,New GM,1GKKNXLS6PZ196584,GMC,ACADIA DENALI,2023,,45002,54949.3,45981
67318,Suburban Buick GMC of Troy,New GM,1GT39TEY2RF119813,GMC,SIERRA K3500 SLE,2024,,45026,65788.9,46011
67318,Suburban Buick GMC of Troy,New GM,1GT59TEY4RF118834,GMC,SIERRA K3500 SLE,2024,,45023,67829.48,46011
67318,Suburban Buick GMC of Troy,New GM,1GTRUAEK2PZ223576,GMC,SIERRA K1500,2023,,44988,48223.82,45981
67318,Suburban Buick GMC of Troy,New GM,1GTRUJEK4PZ237902,GMC,SIERRA K1500 ELEVATION-L,2023,,45002,52641.32,45981
67318,Suburban Buick GMC of Troy,New GM,1GTUUEEL2PZ244096,GMC,SIERRA K1500 AT4,2023,,45009,73998.9,46011
67318,Suburban Buick GMC of Troy,New GM,3GKALMEG7PL178983,GMC,TERRAIN SLE,2023,,44981,30293.35,45981
67318,Suburban Buick GMC of Troy,New GM,3GKALYEG4PL135502,GMC,TERRAIN AT4,2023,,44970,39785.33,45950
67318,Suburban Buick GMC of Troy,New GM,3GTUUGE80PG242659,GMC,SIERRA K1500 DENALI,2023,,45005,74854.33,45981
67318,Suburban Buick GMC of Troy,New GM,3GTUUGE89PG243177,GMC,SIERRA K1500 DENALI,2023,,45005,75310.97,45981
67318,Suburban Buick GMC of Troy,New GM,5GAEVAKW2PJ236749,BUIC,ENCLAVE ESSENCE,2023,,45023,51253.54,46011
67318,Suburban Buick GMC of Troy,New GM,5GAEVAKW4PJ236851,BUIC,ENCLAVE ESSENCE,2023,,45023,51253.54,46011
67318,Suburban Buick GMC of Troy,New GM,5GAEVAKW5PJ211120,BUIC,ENCLAVE ESSENCE,2023,,44978,49205.59,45981
67318,Suburban Buick GMC of Troy,New GM,5GAEVAKW8PJ236609,BUIC,ENCLAVE ESSENCE,2023,,45023,50796.9,46011
67318,Suburban Buick GMC of Troy,New GM,5GAEVCKW3PJ226498,BUIC,ENCLAVE AVENIR,2023,,45012,60736.21,46011
67318,Suburban Buick GMC of Troy,New GM,KL4CJESM5NB559749,BUIC,ENCORE PREFERRED,2022,,44978,29307.36,45981
67318,Suburban Buick GMC of Troy,New GM,KL4MMCSL4PB104711,BUIC,ENCORE GX PREFERRED,2023,,45009,30102.99,46011
67318,Suburban Buick GMC of Troy,New GM,KL4MMDS20PB100961,BUIC,ENCORE GX SELECT,2023,,45023,29807.68,46011
67318,Suburban Buick GMC of Troy,New GM,KL4MMESL1PB107996,BUIC,ENCORE GX SELECT,2023,,45009,31912.89,46011
67318,Suburban Buick GMC of Troy,New GM,1GKB0RDC4RU100002,GMC,HUMMER SUV 3X,2024,,45114,112675,46101
67318,Suburban Buick GMC of Troy,New GM,1GKB0RDC6RU100132,GMC,HUMMER SUV 3X,2024,,45099,106290,46101
67318,Suburban Buick GMC of Troy,New GM,1GKKNKL46PZ235405,GMC,ACADIA SLE,2023,,45100,38350.57,46101
67318,Suburban Buick GMC of Troy,New GM,1GKKNKL48PZ238497,GMC,ACADIA SLE,2023,,45112,38807.2,46101
67318,Suburban Buick GMC of Troy,New GM,1GKKNLLS1PZ240547,GMC,ACADIA AT4,2023,,45128,43571.73,46132
67318,Suburban Buick GMC of Troy,New GM,1GKKNLLS4PZ235021,GMC,ACADIA AT4,2023,,45097,43571.73,46073
67318,Suburban Buick GMC of Troy,New GM,1GKKNLLS6PZ235022,GMC,ACADIA AT4,2023,,45097,43571.73,46073
67318,Suburban Buick GMC of Troy,New GM,1GKKNLLS8PZ240500,GMC,ACADIA AT4,2023,,45128,46639.04,46132
67318,Suburban Buick GMC of Troy,New GM,1GKKNRL40PZ215160,GMC,ACADIA SLE,2023,,45044,41256.17,46042
67318,Suburban Buick GMC of Troy,New GM,1GKKNRL40PZ217958,GMC,ACADIA SLE,2023,,45051,42178.67,46042
67318,Suburban Buick GMC of Troy,New GM,1GKKNRL41PZ215054,GMC,ACADIA SLE,2023,,45044,41574.43,46042
67318,Suburban Buick GMC of Troy,New GM,1GKKNRL41PZ217676,GMC,ACADIA SLE,2023,,45051,40799.53,46042
67318,Suburban Buick GMC of Troy,New GM,1GKKNRL42PZ215306,GMC,ACADIA SLE,2023,,45044,41256.17,46042
67318,Suburban Buick GMC of Troy,New GM,1GKKNRL42PZ216634,GMC,ACADIA SLE,2023,,45047,42953.57,46042
67318,Suburban Buick GMC of Troy,New GM,1GKKNRL42PZ217606,GMC,ACADIA SLE,2023,,45051,40799.53,46042
67318,Suburban Buick GMC of Troy,New GM,1GKKNRL45PZ212416,GMC,ACADIA SLE,2023,,45040,41256.17,46042
67318,Suburban Buick GMC of Troy,New GM,1GKKNRL45PZ215963,GMC,ACADIA SLE,2023,,45047,41117.79,46042
67318,Suburban Buick GMC of Troy,New GM,1GKKNRL45PZ217440,GMC,ACADIA SLE,2023,,45048,40799.53,46042
67318,Suburban Buick GMC of Troy,New GM,1GKKNRL45PZ218040,GMC,ACADIA SLE,2023,,45051,42496.93,46042
67318,Suburban Buick GMC of Troy,New GM,1GKKNRL46PZ217303,GMC,ACADIA SLE,2023,,45048,40799.53,46042
67318,Suburban Buick GMC of Troy,New GM,1GKKNRL47PZ212871,GMC,ACADIA SLE,2023,,45040,41256.17,46042
67318,Suburban Buick GMC of Troy,New GM,1GKKNRL47PZ215172,GMC,ACADIA SLE,2023,,45044,41256.17,46042
67318,Suburban Buick GMC of Troy,New GM,1GKKNRL47PZ217343,GMC,ACADIA SLE,2023,,45048,40799.53,46042
67318,Suburban Buick GMC of Troy,New GM,1GKKNRL47PZ217438,GMC,ACADIA SLE,2023,,45048,40799.53,46042
67318,Suburban Buick GMC of Troy,New GM,1GKKNRL47PZ217942,GMC,ACADIA SLE,2023,,45051,42496.93,46042
67318,Suburban Buick GMC of Troy,New GM,1GKKNRL48PZ217299,GMC,ACADIA SLE,2023,,45048,40799.53,46042
67318,Suburban Buick GMC of Troy,New GM,1GKKNRL48PZ217612,GMC,ACADIA SLE,2023,,45051,40799.53,46042
67318,Suburban Buick GMC of Troy,New GM,1GKKNRL49PZ215156,GMC,ACADIA SLE,2023,,45044,41256.17,46042
67318,Suburban Buick GMC of Troy,New GM,1GKKNRL49PZ216517,GMC,ACADIA SLE,2023,,45047,42773.68,46042
67318,Suburban Buick GMC of Troy,New GM,1GKKNRL49PZ217506,GMC,ACADIA SLE,2023,,45048,40799.53,46042
67318,Suburban Buick GMC of Troy,New GM,1GKKNRL49PZ217926,GMC,ACADIA SLE,2023,,45056,42178.67,46042
67318,Suburban Buick GMC of Troy,New GM,1GKKNRL4XPZ211987,GMC,ACADIA SLE,2023,,45037,41256.17,46042
67318,Suburban Buick GMC of Troy,New GM,1GKKNRL4XPZ217658,GMC,ACADIA SLE,2023,,45051,40799.53,46042
67318,Suburban Buick GMC of Troy,New GM,1GKKNXLS0PZ239851,GMC,ACADIA DENALI,2023,,45124,55364.43,46101
67318,Suburban Buick GMC of Troy,New GM,1GKKNXLS2PZ235851,GMC,ACADIA DENALI,2023,,45117,53247.29,46101
67318,Suburban Buick GMC of Troy,New GM,1GKKNXLS4PZ239965,GMC,ACADIA DENALI,2023,,45124,55364.43,46101
67318,Suburban Buick GMC of Troy,New GM,1GKKNXLSXPZ239193,GMC,ACADIA DENALI,2023,,45124,52735.3,46101
67318,Suburban Buick GMC of Troy,New GM,1GKS2AKD7PR407588,GMC,YUKON SLE,2023,,45107,60245.04,46101
67318,Suburban Buick GMC of Troy,New GM,1GKS2BKD2PR405687,GMC,YUKON SLT,2023,,45105,73396.63,46101
67318,Suburban Buick GMC of Troy,New GM,1GKS2BKD6PR405868,GMC,YUKON SLT,2023,,45105,73396.63,46101
67318,Suburban Buick GMC of Troy,New GM,1GKS2BKDXPR407624,GMC,YUKON SLT,2023,,45107,73659.54,46101
67318,Suburban Buick GMC of Troy,New GM,1GKS2DKL6PR359039,GMC,YUKON DENALI,2023,,45076,87772.18,46073
67318,Suburban Buick GMC of Troy,New GM,1GKS2DKL9PR386073,GMC,YUKON DENALI,2023,,45084,81420.77,46073
67318,Suburban Buick GMC of Troy,New GM,1GKS2GKD2PR433244,GMC,YUKON XL K1500 SLT,2023,,45131,76364.38,46132
67318,Suburban Buick GMC of Troy,New GM,1GKS2GKD3PR421748,GMC,YUKON XL K1500 SLT,2023,,45119,77148.5,46101
67318,Suburban Buick GMC of Troy,New GM,1GKS2GKD4PR399890,GMC,YUKON XL K1500 SLT,2023,,45097,75995.38,46073
67318,Suburban Buick GMC of Troy,New GM,1GT39LEY6RF166052,GMC,SIERRA K2500 HEAVY DUTY,2024,,45119,59769.84,46101
67318,Suburban Buick GMC of Troy,New GM,1GT39SE74RF138543,GMC,SIERRA K3500,2024,,45055,53627.34,46042
67318,Suburban Buick GMC of Troy,New GM,1GT39SEY8RF128803,GMC,SIERRA K3500,2024,,45048,63516.54,46042
67318,Suburban Buick GMC of Troy,New GM,1GT40FDA5PU100377,GMC,HUMMER PICKUP 3X,2023,,45125,116159,46101
67318,Suburban Buick GMC of Troy,New GM,1GT40FDA5PU100380,GMC,HUMMER PICKUP 3X,2023,,45125,116159,46101
67318,Suburban Buick GMC of Troy,New GM,1GT49NE71RF174714,GMC,SIERRA K2500 SLT,2024,,45099,65546.64,46101
67318,Suburban Buick GMC of Troy,New GM,1GT49NE76RF174790,GMC,SIERRA K2500 SLT,2024,,45099,65546.64,46101
67318,Suburban Buick GMC of Troy,New GM,1GT49NE7XRF186876,GMC,SIERRA K2500 SLT,2024,,45120,66598.29,46101
67318,Suburban Buick GMC of Troy,New GM,1GT49PE79RF170535,GMC,SIERRA K2500 AT4,2024,,45097,71689.08,46073
67318,Suburban Buick GMC of Troy,New GM,1GTP5BEK1P1154517,GMC,CANYON ELEVATION,2023,,45047,39889.45,46042
67318,Suburban Buick GMC of Troy,New GM,1GTRUAED0PZ257078,GMC,SIERRA K1500,2023,,45037,48260.72,46042
67318,Suburban Buick GMC of Troy,New GM,1GTRUAED0PZ274348,GMC,SIERRA K1500,2023,,45057,47900.94,46042
67318,Suburban Buick GMC of Troy,New GM,1GTRUAED0PZ306263,GMC,SIERRA K1500,2023,,45093,51609.39,46073
67318,Suburban Buick GMC of Troy,New GM,1GTRUAEK0PZ255944,GMC,SIERRA K1500,2023,,45037,44902.82,46042
67318,Suburban Buick GMC of Troy,New GM,1GTRUAEK0PZ272338,GMC,SIERRA K1500,2023,,45054,44681.42,46042
67318,Suburban Buick GMC of Troy,New GM,1GTRUAEK2PZ266248,GMC,SIERRA K1500,2023,,45047,43897.29,46042
67318,Suburban Buick GMC of Troy,New GM,1GTRUAEK2PZ288153,GMC,SIERRA K1500,2023,,45091,44612.23,46073
67318,Suburban Buick GMC of Troy,New GM,1GTRUAEK4PZ287991,GMC,SIERRA K1500,2023,,45086,44612.23,46073
67318,Suburban Buick GMC of Troy,New GM,1GTUUAED7PZ310594,GMC,SIERRA K1500,2023,,45097,53761.29,46073
67318,Suburban Buick GMC of Troy,New GM,1GTUUCE82PZ327138,GMC,SIERRA K1500 ELEVATION,2023,,45121,62343.97,46101
67318,Suburban Buick GMC of Troy,New GM,1GTUUCE8XPZ266668,GMC,SIERRA K1500 ELEVATION,2023,,45063,65355.93,46042
67318,Suburban Buick GMC of Troy,New GM,1GTUUEEL0PZ274505,GMC,SIERRA K1500 AT4,2023,,45058,71005.39,46042
67318,Suburban Buick GMC of Troy,New GM,1GTUUEEL8PZ274249,GMC,SIERRA K1500 AT4,2023,,45058,70548.75,46042
67318,Suburban Buick GMC of Troy,New GM,1GTUUEEL9PZ286538,GMC,SIERRA K1500 AT4,2023,,45072,69423.3,46073
67318,Suburban Buick GMC of Troy,New GM,1GTUUGE82PZ307625,GMC,SIERRA K1500 DENALI,2023,,45097,74946.58,46073
67318,Suburban Buick GMC of Troy,New GM,1GTUUGEL0PZ292465,GMC,SIERRA K1500 DENALI,2023,,45079,75223.33,46073
67318,Suburban Buick GMC of Troy,New GM,1GTUUGEL0PZ294992,GMC,SIERRA K1500 DENALI,2023,,45086,74669.83,46073
67318,Suburban Buick GMC of Troy,New GM,1GTUUGEL2PZ325112,GMC,SIERRA K1500 DENALI,2023,,45124,77718.69,46101
67318,Suburban Buick GMC of Troy,New GM,1GTUUGEL4PZ284076,GMC,SIERRA K1500 DENALI,2023,,45070,74669.83,46073
67318,Suburban Buick GMC of Troy,New GM,1GTUUGEL4PZ327217,GMC,SIERRA K1500 DENALI,2023,,45124,77165.19,46101
67318,Suburban Buick GMC of Troy,New GM,1GTUUGEL5PZ324455,GMC,SIERRA K1500 DENALI,2023,,45110,77165.19,46101
67318,Suburban Buick GMC of Troy,New GM,1GTUUGEL7PZ283987,GMC,SIERRA K1500 DENALI,2023,,45068,74213.19,46073
67318,Suburban Buick GMC of Troy,New GM,1GTUUGEL8PZ323896,GMC,SIERRA K1500 DENALI,2023,,45121,76708.55,46101
67318,Suburban Buick GMC of Troy,New GM,1GTUUGEL9PZ321090,GMC,SIERRA K1500 DENALI,2023,,45110,79651.33,46101
67318,Suburban Buick GMC of Troy,New GM,1GTUUGEL9PZ321543,GMC,SIERRA K1500 DENALI,2023,,45110,79651.33,46101
67318,Suburban Buick GMC of Troy,New GM,1GTUUGEL9PZ323986,GMC,SIERRA K1500 DENALI,2023,,45124,77165.19,46101
67318,Suburban Buick GMC of Troy,New GM,1GTUUGEL9PZ333823,GMC,SIERRA K1500 DENALI,2023,,45131,77294.34,46132
67318,Suburban Buick GMC of Troy,New GM,1GTUUHE85PZ304126,GMC,SIERRA K1500 DENALI ULTIMATE,2023,,45092,81787.12,46073
67318,Suburban Buick GMC of Troy,New GM,1GTUUHEL0PZ312834,GMC,SIERRA K1500 DENALI ULTIMATE,2023,,45100,84056.47,46101
67318,Suburban Buick GMC of Troy,New GM,1GTUUHEL5PZ313848,GMC,SIERRA K1500 DENALI ULTIMATE,2023,,45100,82811.09,46101
67318,Suburban Buick GMC of Troy,New GM,1GTZ7HFP8P1184582,GMC,SAVANA G3500,2023,,45093,43489.1,46073
67318,Suburban Buick GMC of Troy,New GM,1GTZ7HFPXP1185085,GMC,SAVANA G3500,2023,,45093,43489.1,46073
67318,Suburban Buick GMC of Troy,New GM,3GKALMEG9PL164471,GMC,TERRAIN SLE,2023,,45107,33946.45,46101
67318,Suburban Buick GMC of Troy,New GM,3GKALMEGXPL200555,GMC,TERRAIN SLE,2023,,45105,30293.35,46101
67318,Suburban Buick GMC of Troy,New GM,3GKALTEG0PL269233,GMC,TERRAIN SLE,2023,,45110,33564.83,46101
67318,Suburban Buick GMC of Troy,New GM,3GKALTEG1PL227816,GMC,TERRAIN SLE,2023,,45120,34395.08,46101
67318,Suburban Buick GMC of Troy,New GM,3GKALTEG1PL254725,GMC,TERRAIN SLE,2023,,45120,33564.83,46101
67318,Suburban Buick GMC of Troy,New GM,3GKALTEG2PL226464,GMC,TERRAIN SLE,2023,,45091,34800.98,46073
67318,Suburban Buick GMC of Troy,New GM,3GKALTEG2PL226495,GMC,TERRAIN SLE,2023,,45103,34344.34,46101
67318,Suburban Buick GMC of Troy,New GM,3GKALTEG3PL270022,GMC,TERRAIN SLE,2023,,45086,33108.19,46073
67318,Suburban Buick GMC of Troy,New GM,3GKALTEG5PL226488,GMC,TERRAIN SLE,2023,,45035,34800.98,46011
67318,Suburban Buick GMC of Troy,New GM,3GKALTEG5PL269373,GMC,TERRAIN SLE,2023,,45110,33564.83,46101
67318,Suburban Buick GMC of Troy,New GM,3GKALTEG5RL104958,GMC,TERRAIN SLE,2024,,45119,32317.39,46101
67318,Suburban Buick GMC of Troy,New GM,3GKALTEG7PL254700,GMC,TERRAIN SLE,2023,,45110,33108.19,46101
67318,Suburban Buick GMC of Troy,New GM,3GKALTEG7PL270041,GMC,TERRAIN SLE,2023,,45085,33108.19,46073
67318,Suburban Buick GMC of Troy,New GM,3GKALTEG9PL226302,GMC,TERRAIN SLE,2023,,45120,33703.2,46101
67318,Suburban Buick GMC of Troy,New GM,3GKALTEGXPL254688,GMC,TERRAIN SLE,2023,,45117,33108.19,46101
67318,Suburban Buick GMC of Troy,New GM,3GKALVEG1PL224040,GMC,TERRAIN SLT,2023,,45105,38464.03,46101
67318,Suburban Buick GMC of Troy,New GM,3GKALVEG2PL224306,GMC,TERRAIN SLT,2023,,45105,37905.92,46101
67318,Suburban Buick GMC of Troy,New GM,3GKALVEG3PL225545,GMC,TERRAIN SLT,2023,,45117,38920.67,46101
67318,Suburban Buick GMC of Troy,New GM,3GKALVEG3PL229787,GMC,TERRAIN SLT,2023,,45077,37767.54,46073
67318,Suburban Buick GMC of Troy,New GM,3GKALVEG3PL234858,GMC,TERRAIN SLT,2023,,45113,39589.48,46101
67318,Suburban Buick GMC of Troy,New GM,3GKALVEG6PL235549,GMC,TERRAIN SLT,2023,,45062,39132.84,46042
67318,Suburban Buick GMC of Troy,New GM,3GKALVEG8PL235438,GMC,TERRAIN SLT,2023,,45077,39132.84,46073
67318,Suburban Buick GMC of Troy,New GM,3GKALVEG8RL121717,GMC,TERRAIN SLT,2024,,45127,35002.59,46101
67318,Suburban Buick GMC of Troy,New GM,3GKALVEG9PL229762,GMC,TERRAIN SLT,2023,,45120,37767.54,46101
67318,Suburban Buick GMC of Troy,New GM,3GKALVEG9PL231575,GMC,TERRAIN SLT,2023,,45105,37310.9,46101
67318,Suburban Buick GMC of Troy,New GM,3GKALVEGXPL234906,GMC,TERRAIN SLT,2023,,45062,39589.48,46042
67318,Suburban Buick GMC of Troy,New GM,3GKALXEG0PL228799,GMC,TERRAIN DENALI,2023,,45103,40081.04,46101
67318,Suburban Buick GMC of Troy,New GM,3GKALXEG1PL216371,GMC,TERRAIN DENALI,2023,,45084,41870.69,46073
67318,Suburban Buick GMC of Troy,New GM,3GKALXEG1PL233848,GMC,TERRAIN DENALI,2023,,45120,40307.05,46101
67318,Suburban Buick GMC of Troy,New GM,3GKALXEG5PL230371,GMC,TERRAIN DENALI,2023,,45099,40537.68,46101
67318,Suburban Buick GMC of Troy,New GM,3GKALXEG6PL217709,GMC,TERRAIN DENALI,2023,,45105,42009.07,46101
67318,Suburban Buick GMC of Troy,New GM,3GKALXEG6PL233926,GMC,TERRAIN DENALI,2023,,45107,40307.05,46101
67318,Suburban Buick GMC of Troy,New GM,3GKALXEG7PL215760,GMC,TERRAIN DENALI,2023,,45110,41414.05,46101
67318,Suburban Buick GMC of Troy,New GM,3GKALXEG9PL197276,GMC,TERRAIN DENALI,2023,,45120,40717.57,46101
67318,Suburban Buick GMC of Troy,New GM,3GKALXEG9PL235976,GMC,TERRAIN DENALI,2023,,45105,40763.69,46101
67318,Suburban Buick GMC of Troy,New GM,3GKALXEGXPL231421,GMC,TERRAIN DENALI,2023,,45103,40537.68,46101
67318,Suburban Buick GMC of Troy,New GM,3GTPUAEK2PG285244,GMC,SIERRA K1500,2023,,45114,47812.63,46101
67318,Suburban Buick GMC of Troy,New GM,3GTPUAEK2PG293943,GMC,SIERRA K1500,2023,,45114,47439.02,46101
67318,Suburban Buick GMC of Troy,New GM,3GTPUAEK6PG285246,GMC,SIERRA K1500,2023,,45058,47812.63,46042
67318,Suburban Buick GMC of Troy,New GM,3GTUUCED3PG339148,GMC,SIERRA K1500 ELEVATION,2023,,45126,63109.64,46101
67318,Suburban Buick GMC of Troy,New GM,3GTUUCED3PG339232,GMC,SIERRA K1500 ELEVATION,2023,,45127,63109.64,46101
67318,Suburban Buick GMC of Troy,New GM,3GTUUCED6PG339144,GMC,SIERRA K1500 ELEVATION,2023,,45126,63109.64,46101
67318,Suburban Buick GMC of Troy,New GM,3GTUUCED7PG339234,GMC,SIERRA K1500 ELEVATION,2023,,45126,63109.64,46101
67318,Suburban Buick GMC of Troy,New GM,3GTUUCEDXPG339146,GMC,SIERRA K1500 ELEVATION,2023,,45126,63109.64,46101
67318,Suburban Buick GMC of Troy,New GM,3GTUUDED1PG258767,GMC,SIERRA K1500 SLT,2023,,45110,64323.03,46101
67318,Suburban Buick GMC of Troy,New GM,3GTUUDEL6PG285034,GMC,SIERRA K1500 SLT,2023,,45058,62957.73,46042
67318,Suburban Buick GMC of Troy,New GM,3GTUUEE85PG288699,GMC,SIERRA K1500 AT4,2023,,45119,70235.18,46101
67318,Suburban Buick GMC of Troy,New GM,3GTUUFEL1PG258660,GMC,SIERRA K1500 AT4X,2023,,45058,88919.48,46042
67318,Suburban Buick GMC of Troy,New GM,3GTUUFEL7PG301611,GMC,SIERRA K1500 AT4X,2023,,45093,80806.09,46073
67318,Suburban Buick GMC of Troy,New GM,3GTUUFEL8PG266268,GMC,SIERRA K1500 AT4X,2023,,45044,86567.1,46042
67318,Suburban Buick GMC of Troy,New GM,3GTUUGED2PG257189,GMC,SIERRA K1500 DENALI,2023,,45092,74353.23,46073
67318,Suburban Buick GMC of Troy,New GM,5GAERBKW1RJ101758,BUICK,ENCLV ESF,2024,,45097,44280.99,46073
67318,Suburban Buick GMC of Troy,New GM,5GAERBKW3RJ101759,BUICK,ENCLV ESF,2024,,45097,44280.99,46073
67318,Suburban Buick GMC of Troy,New GM,5GAERBKWXRJ101757,BUICK,ENCLV ESF,2024,,45097,44280.99,46073
67318,Suburban Buick GMC of Troy,New GM,5GAEVAKW0PJ261956,BUIC,ENCLAVE ESSENCE,2023,,45065,48647.48,46042
67318,Suburban Buick GMC of Troy,New GM,5GAEVAKW0RJ102633,BUICK,ENCLV ESA,2024,,45103,50858.78,46101
67318,Suburban Buick GMC of Troy,New GM,5GAEVAKW1PJ261738,BUIC,ENCLAVE ESSENCE,2023,,45068,47337.53,46073
67318,Suburban Buick GMC of Troy,New GM,5GAEVAKW1RJ104231,BUICK,ENCLV ESA,2024,,45114,48607.88,46101
67318,Suburban Buick GMC of Troy,New GM,5GAEVAKW2RJ101905,BUICK,ENCLV ESA,2024,,45099,52196.4,46101
67318,Suburban Buick GMC of Troy,New GM,5GAEVAKW3PJ248974,BUIC,ENCLAVE ESSENCE,2023,,45047,51825.49,46042
67318,Suburban Buick GMC of Troy,New GM,5GAEVAKW3RJ101928,BUICK,ENCLV ESA,2024,,45099,52196.4,46101
67318,Suburban Buick GMC of Troy,New GM,5GAEVAKW3RJ104280,BUICK,ENCLV ESA,2024,,45110,48607.88,46101
67318,Suburban Buick GMC of Troy,New GM,5GAEVAKW3RJ105171,BUIC,ENCLAVE ESSENCE,2024,,45120,48884.63,46101
67318,Suburban Buick GMC of Troy,New GM,5GAEVAKW4PJ259935,BUIC,ENCLAVE ESSENCE,2023,,45062,47337.53,46042
67318,Suburban Buick GMC of Troy,New GM,5GAEVAKW4PJ260812,BUIC,ENCLAVE ESSENCE,2023,,45065,46880.89,46042
67318,Suburban Buick GMC of Troy,New GM,5GAEVAKW4RJ101954,BUICK,ENCLV ESA,2024,,45099,52196.4,46101
67318,Suburban Buick GMC of Troy,New GM,5GAEVAKW4RJ103204,BUICK,ENCLV ESA,2024,,45106,50720.4,46101
67318,Suburban Buick GMC of Troy,New GM,5GAEVAKW5PJ260219,BUIC,ENCLAVE ESSENCE,2023,,45062,48647.48,46042
67318,Suburban Buick GMC of Troy,New GM,5GAEVAKW5PJ261970,BUIC,ENCLAVE ESSENCE,2023,,45065,48647.48,46042
67318,Suburban Buick GMC of Troy,New GM,5GAEVAKW5RJ101932,BUICK,ENCLV ESA,2024,,45099,52196.4,46101
67318,Suburban Buick GMC of Troy,New GM,5GAEVAKW5RJ103079,BUICK,ENCLV ESA,2024,,45105,50720.4,46101
67318,Suburban Buick GMC of Troy,New GM,5GAEVAKW5RJ104281,BUICK,ENCLV ESA,2024,,45110,48607.88,46101
67318,Suburban Buick GMC of Troy,New GM,5GAEVAKW7RJ102631,BUICK,ENCLV ESA,2024,,45103,51273.9,46101
67318,Suburban Buick GMC of Troy,New GM,5GAEVAKW7RJ104217,BUICK,ENCLV ESA,2024,,45110,48607.88,46101
67318,Suburban Buick GMC of Troy,New GM,5GAEVAKW8RJ103903,BUICK,ENCLV ESA,2024,,45110,48884.63,46101
67318,Suburban Buick GMC of Troy,New GM,5GAEVAKW9RJ103182,BUICK,ENCLV ESA,2024,,45106,50720.4,46101
67318,Suburban Buick GMC of Troy,New GM,5GAEVAKW9RJ104249,BUICK,ENCLV ESA,2024,,45110,48607.88,46101
67318,Suburban Buick GMC of Troy,New GM,5GAEVAKW9RJ106812,BUIC,ENCLAVE ESSENCE,2024,,45127,49249.02,46101
67318,Suburban Buick GMC of Troy,New GM,5GAEVBKW0RJ103206,BUICK,ENCLV PRA,2024,,45106,55940.08,46101
67318,Suburban Buick GMC of Troy,New GM,5GAEVBKW2RJ106009,BUIC,ENCLAVE PREMIUM,2024,,45124,55940.08,46101
67318,Suburban Buick GMC of Troy,New GM,5GAEVBKW3RJ103216,BUICK,ENCLV PRA,2024,,45106,56493.58,46101
67318,Suburban Buick GMC of Troy,New GM,5GAEVBKW4RJ100910,BUICK,ENCLV PRA,2024,,45097,53269.44,46073
67318,Suburban Buick GMC of Troy,New GM,5GAEVBKW4RJ101295,BUICK,ENCLV PRA,2024,,45097,55940.08,46073
67318,Suburban Buick GMC of Troy,New GM,5GAEVBKW4RJ101426,BUICK,ENCLV PRA,2024,,45097,56078.45,46073
67318,Suburban Buick GMC of Troy,New GM,5GAEVBKW4RJ106139,BUIC,ENCLAVE PREMIUM,2024,,45124,55940.08,46101
67318,Suburban Buick GMC of Troy,New GM,5GAEVBKW5RJ101211,BUICK,ENCLV PRA,2024,,45093,56078.45,46073
67318,Suburban Buick GMC of Troy,New GM,5GAEVBKW6RJ102951,BUICK,ENCLAVE AVENIR,2024,,45105,55940.08,46101
67318,Suburban Buick GMC of Troy,New GM,5GAEVBKW9RJ103219,BUICK,ENCLV PRA,2024,,45106,56493.58,46101
67318,Suburban Buick GMC of Troy,New GM,5GAEVBKW9RJ106007,BUIC,ENCLAVE PREMIUM,2024,,45124,55940.08,46101
67318,Suburban Buick GMC of Troy,New GM,5GAEVBKWXRJ102032,BUICK,ENCLV PRA,2024,,45100,55940.08,46101
67318,Suburban Buick GMC of Troy,New GM,5GAEVBKWXRJ106243,BUIC,ENCLAVE PREMIUM,2024,,45124,56078.45,46101
67318,Suburban Buick GMC of Troy,New GM,5GAEVCKW5PJ269420,BUIC,ENCLAVE AVENIR,2023,,45076,60597.83,46073
67318,Suburban Buick GMC of Troy,New GM,5GAEVCKW6PJ256885,BUIC,ENCLAVE AVENIR,2023,,45058,61197.46,46042
67318,Suburban Buick GMC of Troy,New GM,5GAEVCKW8PJ269685,BUIC,ENCLAVE AVENIR,2023,,45077,60597.83,46073
67318,Suburban Buick GMC of Troy,New GM,5GAEVCKW8RJ103993,BUICK,ENCLV AVA,2024,,45110,60008.75,46101
67318,Suburban Buick GMC of Troy,New GM,KL4AMCSL2RB008503,BUIC,ENCORE GX PREFERRED,2024,,45121,30354.32,46101
67318,Suburban Buick GMC of Troy,New GM,KL4AMCSL5RB000931,BUIC,ENCORE GX PREFERRED,2024,,45112,30096.02,46101
67318,Suburban Buick GMC of Troy,New GM,KL4AMCSL5RB008740,BUIC,ENCORE GX PREFERRED,2024,,45091,30354.32,46073
67318,Suburban Buick GMC of Troy,New GM,KL4AMCSL7RB008304,BUIC,ENCORE GX PREFERRED,2024,,45121,29897.68,46101
67318,Suburban Buick GMC of Troy,New GM,KL4AMCSLXRB009172,BUIC,ENCORE GX PREFERRED,2024,,45091,30907.82,46073
67318,Suburban Buick GMC of Troy,New GM,KL4AMESL7RB003521,BUIC,ENCORE GX SPORT TOURING,2024,,45107,30356,46101
67318,Suburban Buick GMC of Troy,New GM,KL4AMESL9RB002533,BUIC,ENCORE GX SPORT TOURING,2024,,45107,31499.9,46101
67318,Suburban Buick GMC of Troy,New GM,KL4AMESLXRB009913,BUIC,ENCORE GX SPORT TOURING,2024,,45091,29272.07,46073
67318,Suburban Buick GMC of Troy,New GM,KL4AMFSL3RB004333,BUIC,ENCORE GX AVENIR,2024,,45107,36209.15,46101
67318,Suburban Buick GMC of Troy,New GM,KL4AMFSL3RB005918,BUIC,ENCORE GX AVENIR,2024,,45112,33543.13,46101
67318,Suburban Buick GMC of Troy,New GM,KL4AMGSL4RB017128,BUIC,ENCORE GX AVENIR,2024,,45113,37734.65,46101
67318,Suburban Buick GMC of Troy,New GM,KL4AMGSL6RB006910,BUIC,ENCORE GX AVENIR,2024,,45121,35659.03,46101
67318,Suburban Buick GMC of Troy,New GM,KL4AMGSLXRB004111,BUIC,ENCORE GX AVENIR,2024,,45112,38325.05,46101
67318,Suburban Buick GMC of Troy,New GM,KL4MMCSL0PB164744,BUIC,ENCORE GX PREFERRED,2023,,45061,29646.35,46042
67318,Suburban Buick GMC of Troy,New GM,KL4MMCSL1PB161934,BUIC,ENCORE GX PREFERRED,2023,,45083,29646.35,46073
67318,Suburban Buick GMC of Troy,New GM,KL4MMESL0PB162598,BUIC,ENCORE GX SELECT,2023,,45082,30736.7,46073
67318,Suburban Buick GMC of Troy,New GM,KL4MMESL3PB138537,BUIC,ENCORE GX SELECT,2023,,45043,32097.39,46042
67318,Suburban Buick GMC of Troy,New GM,KL4MMESL6PB161200,BUIC,ENCORE GX SELECT,2023,,45082,30280.07,46073
67318,Suburban Buick GMC of Troy,New GM,KL4MMESL8PB110121,BUIC,ENCORE GX SELECT,2023,,45036,31064.19,46011
67318,Suburban Buick GMC of Troy,New GM,KL4MMGSL6PB157188,BUIC,ENCORE GX ESSENCE,2023,,45112,35445.05,46101
67318,Suburban Buick GMC of Troy,New GM,LRBFZPR41PD081316,BUIC,ENVISION ESSENCE,2023,,45041,42362.74,46042
67318,Suburban Buick GMC of Troy,New GM,LRBFZRR40PD080623,BUIC,ENVISION AVENIR,2023,,45054,45382.41,46042
67318,Suburban Buick GMC of Troy,New GM,LRBFZRR41PD080534,BUIC,ENVISION AVENIR,2023,,45054,45935.91,46042
67318,Suburban Buick GMC of Troy,New GM,LRBFZRR42PD081448,BUIC,ENVISION AVENIR,2023,,45036,45271.71,46011
67318,Suburban Buick GMC of Troy,New GM,LRBFZRR42PD082535,BUIC,ENVISION AVENIR,2023,,45041,45202.52,46042
67318,Suburban Buick GMC of Troy,New GM,LRBFZRR42PD083958,BUIC,ENVISION AVENIR,2023,,45036,45202.52,46011
67318,Suburban Buick GMC of Troy,New GM,LRBFZRR45PD079922,BUIC,ENVISION AVENIR,2023,,45054,45935.91,46042
67318,Suburban Buick GMC of Troy,New GM,LRBFZRR46PD080481,BUIC,ENVISION AVENIR,2023,,45054,45382.41,46042
67318,Suburban Buick GMC of Troy,New GM,LRBFZRR48PD080644,BUIC,ENVISION AVENIR,2023,,45054,45382.41,46042
67318,Suburban Buick GMC of Troy,New GM,LRBFZRR49PD081298,BUIC,ENVISION AVENIR,2023,,45047,45756.02,46042
67318,Suburban Buick GMC of Troy,New GM,LRBFZRR49PD081379,BUIC,ENVISION AVENIR,2023,,45041,45271.71,46042
67318,Suburban Buick GMC of Troy,New GM,LRBFZSR41PD082176,BUIC,ENVISION AVENIR,2023,,45047,46942.22,46042
67318,Suburban Buick GMC of Troy,New GM,LRBFZSR44PD086870,BUIC,ENVISION AVENIR,2023,,45036,46942.22,46011
67318,Suburban Buick GMC of Troy,New GM,LRBFZSR4XPD095265,BUIC,ENVISION AVENIR,2023,,45068,46942.22,46073
67319,Suburban Chevrolet Cadillac,CTP and CTA,1GYKNBR41PZ141946,CADI,XT5 LUXURY,2023,,45021,43454.56,45889
67319,Suburban Chevrolet Cadillac,CTP and CTA,1GYKPGRSXPZ174403,CADI,XT6 SPORT,2023,,45000,58691.57,45889
67319,Suburban Chevrolet Cadillac,CTP and CTA,1GYKNDRS5PZ198631,CADI,XT5 PREMIUM LUXURY,2023,,45096,52342.05,45950
67319,Suburban Chevrolet Cadillac,CTP and CTA,1GYKNDRS4PZ201535,CADI,XT5 PREMIUM LUXURY,2023,,45084,51986.66,45950
67319,Suburban Chevrolet Cadillac,CTP and CTA,1GYKPDRSXPZ195511,CADI,XT6 PREMIUM LUXURY,2023,,45096,59675.5,45981
67319,Suburban Chevrolet Cadillac,CTP and CTA,1GYKPGRS6PZ205050,CADI,XT6 SPORT,2023,,45041,58252.51,45920
67319,Suburban Chevrolet Cadillac,CTP and CTA,1GYKNDR45PZ229247,CADI,XT5 PREMIUM LUXURY,2023,,45096,52486.02,45950
67319,Suburban Chevrolet Cadillac,CTP and CTA,1GYKNDR47PZ214538,CADI,XT5 PREMIUM LUXURY,2023,,45084,50956.46,45950
67319,Suburban Chevrolet Cadillac,CTP and CTA,1GYKPDRS3PZ220636,CADI,XT6 PREMIUM LUXURY,2023,,45084,56907.44,45950
67319,Suburban Chevrolet Cadillac,CTP and CTA,1GYKPDRS6PZ215656,CADI,XT6 PREMIUM LUXURY,2023,,45096,56907.44,45950
67319,Suburban Chevrolet Cadillac,CTP and CTA,1GYKPDRS8PZ221054,CADI,XT6 PREMIUM LUXURY,2023,,45084,56907.44,45950
67319,Suburban Chevrolet Cadillac,CTP and CTA,1GYKPDRS9PZ219992,CADI,XT6 PREMIUM LUXURY,2023,,45084,56367.6,45950
67319,Suburban Chevrolet Cadillac,CTP and CTA,1GYKPPRL8PZ003108,CADI,LYRIQ LUXURY,2023,,45107,62294.04,45981
67319,Suburban Chevrolet Cadillac,New GM,1GCPDKEK2PZ184243,CHEV,SILVERADO K1500 LT-L,2023,,44966,52696.5,45950
67319,Suburban Chevrolet Cadillac,New GM,1GYKNBR42PZ127067,CADI,XT5 LUXURY,2023,,45126,44054.34,45950
67319,Suburban Chevrolet Cadillac,New GM,1G6DL5RP0P0410901,CADI,CT4-V BLACKWING,2023,,44978,65843.27,45981
67319,Suburban Chevrolet Cadillac,New GM,1GCPDKEK1PZ238325,CHEV,SILVERADO K1500 LT-L,2023,,45005,52696.5,45981
67319,Suburban Chevrolet Cadillac,New GM,1GCPDKEK4PZ238318,CHEV,SILVERADO K1500 LT-L,2023,,45005,52696.5,45981
67319,Suburban Chevrolet Cadillac,New GM,1GCPTCEK0P1134366,CHEV,COLORADO LT,2023,,45009,42751.61,46011
67319,Suburban Chevrolet Cadillac,New GM,1GCRDKEK4PZ211399,CHEV,SILVERADO K1500 LT-L,2023,,44974,50414.1,45950
67319,Suburban Chevrolet Cadillac,New GM,1GYKNDRS4PZ192092,CADI,XT5 PREMIUM LUXURY,2023,,45127,50058.94,45981
67319,Suburban Chevrolet Cadillac,New GM,2GC4YVEY2P1722204,CHEV,SILVERADO K3500 HIGH COUNTRY,2023,,44978,82278.21,45981
67319,Suburban Chevrolet Cadillac,New GM,3GCPDKEK7PG240418,CHEV,SILVERADO K1500 LT-L,2023,,45002,52696.5,45981
67319,Suburban Chevrolet Cadillac,New GM,1G1FD3DX5P0151362,CHEV,CAMARO LT,2023,,45083,40420,46073
67319,Suburban Chevrolet Cadillac,New GM,1G1FH3D70P0158496,CHEV,CAMARO SS,2023,,45128,55861.41,46132
67319,Suburban Chevrolet Cadillac,New GM,1G1FX6S00P4167282,CHEV,BOLT EV 2LT,2023,,45107,29974.8,46101
67319,Suburban Chevrolet Cadillac,New GM,1G1FX6S0XP4170707,CHEV,BOLT EV 2LT,2023,,45124,32970,46101
67319,Suburban Chevrolet Cadillac,New GM,1G1FY6S08P4170203,CHEV,BOLT EUV LT,2023,,45124,30510,46101
67319,Suburban Chevrolet Cadillac,New GM,1G6DA5RK0P0157878,CADI,CT4 LUXURY,2023,,45127,35092.52,46101
67319,Suburban Chevrolet Cadillac,New GM,1G6DA5RK3P0156692,CADI,CT4 LUXURY,2023,,45120,35092.52,46101
67319,Suburban Chevrolet Cadillac,New GM,1G6DH5RL8P0156014,CADI,CT4-V,2023,,45110,54433.69,46101
67319,Suburban Chevrolet Cadillac,New GM,1G6DU5RKXP0158009,CADI,CT5 SPORT,2023,,45127,47719.97,46101
67319,Suburban Chevrolet Cadillac,New GM,1G6DY5R63P0810881,CADI,CT5-V BLACKWING,2023,,45086,108760.43,46073
67319,Suburban Chevrolet Cadillac,New GM,1G6DY5R64P0810775,CADI,CT5-V BLACKWING,2023,,45068,105299.19,46073
67319,Suburban Chevrolet Cadillac,New GM,1GC4YPE76RF190664,CHEV,SILVERADO K2500 HEAVY DUTY LTZ,2024,,45127,67279,46101
67319,Suburban Chevrolet Cadillac,New GM,1GCPDKEK0PZ267508,CHEV,SILVERADO K1500 LT-L,2023,,45051,52696.5,46042
67319,Suburban Chevrolet Cadillac,New GM,1GCPSBEKXP1146442,CHEV,COLORADO,2023,,45040,32339.4,46042
67319,Suburban Chevrolet Cadillac,New GM,1GCPTCEK6P1201911,CHEV,COLORADO LT,2023,,45106,38873.8,46101
67319,Suburban Chevrolet Cadillac,New GM,1GCPTDEK1P1193786,CHEV,COLORADO Z71,2023,,45097,42571.4,46073
67319,Suburban Chevrolet Cadillac,New GM,1GCPTDEK9P1193793,CHEV,COLORADO Z71,2023,,45099,42571.4,46101
67319,Suburban Chevrolet Cadillac,New GM,1GCPTEEK0P1197883,CHEV,COLORADO TRAIL BOSS,2023,,45110,40530.2,46101
67319,Suburban Chevrolet Cadillac,New GM,1GCPTEEKXP1210235,CHEV,COLORADO TRAIL BOSS,2023,,45131,38837.4,46132
67319,Suburban Chevrolet Cadillac,New GM,1GCPTFEK9P1164726,CHEV,COLORADO ZR2,2023,,45128,46610.2,46132
67319,Suburban Chevrolet Cadillac,New GM,1GCRDAED6PZ307000,CHEV,SILVERADO K1500,2023,,45097,48440.71,46073
67319,Suburban Chevrolet Cadillac,New GM,1GCUDGELXPZ307621,CHEV,SILVERADO K1500 LTZ,2023,,45097,70967.3,46073
67319,Suburban Chevrolet Cadillac,New GM,1GCWGAFP4P1187456,CHEV,EXPRESS G2500,2023,,45114,39300.5,46101
67319,Suburban Chevrolet Cadillac,New GM,1GNERGKW6PJ276135,CHEV,TRAVERSE LT,2023,,45089,39153.39,46073
67319,Suburban Chevrolet Cadillac,New GM,1GNERGKW7PJ277486,CHEV,TRAVERSE LT,2023,,45091,39153.39,46073
67319,Suburban Chevrolet Cadillac,New GM,1GNEVGKW2PJ266312,CHEV,TRAVERSE LT,2023,,45076,41625.2,46073
67319,Suburban Chevrolet Cadillac,New GM,1GNEVGKW2PJ290934,CHEV,TRAVERSE LT,2023,,45126,42540.59,46101
67319,Suburban Chevrolet Cadillac,New GM,1GNEVGKW3PJ274094,CHEV,TRAVERSE LT,2023,,45086,41625.2,46073
67319,Suburban Chevrolet Cadillac,New GM,1GNEVGKW4PJ282804,CHEV,TRAVERSE LT,2023,,45104,41625.2,46101
67319,Suburban Chevrolet Cadillac,New GM,1GNEVGKW6PJ282335,CHEV,TRAVERSE LT,2023,,45103,41625.2,46101
67319,Suburban Chevrolet Cadillac,New GM,1GNEVGKW6PJ292380,CHEV,TRAVERSE LT,2023,,45131,42540.59,46132
67319,Suburban Chevrolet Cadillac,New GM,1GNEVGKW9PJ288551,CHEV,TRAVERSE LT,2023,,45121,42540.59,46101
67319,Suburban Chevrolet Cadillac,New GM,1GNEVHKW3PJ281987,CHEV,TRAVERSE LT,2023,,45103,48323.37,46101
67319,Suburban Chevrolet Cadillac,New GM,1GNEVHKW4PJ281965,CHEV,TRAVERSE LT,2023,,45103,48323.37,46101
67319,Suburban Chevrolet Cadillac,New GM,1GNEVHKW7PJ274153,CHEV,TRAVERSE LT,2023,,45086,46943.37,46073
67319,Suburban Chevrolet Cadillac,New GM,1GNEVHKWXPJ241051,CHEV,TRAVERSE LT,2023,,45035,48323.37,46011
67319,Suburban Chevrolet Cadillac,New GM,1GNEVHKWXPJ285454,CHEV,TRAVERSE LT,2023,,45110,46943.37,46101
67319,Suburban Chevrolet Cadillac,New GM,1GNEVJKW5PJ271100,CHEV,TRAVERSE RS,2023,,45082,47602,46073
67319,Suburban Chevrolet Cadillac,New GM,1GNEVKKW4PJ286628,CHEV,TRAVERSE PREMIER,2023,,45112,51950.6,46101
67319,Suburban Chevrolet Cadillac,New GM,1GNSKBKD5PR375233,CHEV,SUBURBAN K1500 LS,2023,,45068,63977.21,46073
67319,Suburban Chevrolet Cadillac,New GM,1GNSKEKD6PR420245,CHEV,SUBURBAN K1500 RST,2023,,45110,71858.81,46101
67319,Suburban Chevrolet Cadillac,New GM,1GNSKEKD7PR404684,CHEV,SUBURBAN K1500 RST,2023,,45097,72065.8,46073
67319,Suburban Chevrolet Cadillac,New GM,1GNSKRKD3PR428391,CHEV,TAHOE K1500 RST,2023,,45117,67610.81,46101
67319,Suburban Chevrolet Cadillac,New GM,1GNSKRKD3PR429363,CHEV,TAHOE K1500 RST,2023,,45117,68687.21,46101
67319,Suburban Chevrolet Cadillac,New GM,1GNSKRKDXPR434317,CHEV,TAHOE K1500 RST,2023,,45121,68687.21,46101
67319,Suburban Chevrolet Cadillac,New GM,1GYFZFR40RF100936,CADI,XT4 SPORT,2024,,45125,50642.55,46101
67319,Suburban Chevrolet Cadillac,New GM,1GYFZFR40RF101049,CADI,XT4 SPORT,2024,,45126,51193.41,46101
67319,Suburban Chevrolet Cadillac,New GM,1GYFZFR42RF100548,CADI,XT4 SPORT,2024,,45113,50642.55,46101
67319,Suburban Chevrolet Cadillac,New GM,1GYFZFR45RF100950,CADI,XT4 SPORT,2024,,45127,51193.41,46101
67319,Suburban Chevrolet Cadillac,New GM,1GYFZFR47RF100660,CADI,XT4 SPORT,2024,,45117,50642.55,46101
67319,Suburban Chevrolet Cadillac,New GM,1GYFZFR49RF100949,CADI,XT4 SPORT,2024,,45125,50642.55,46101
67319,Suburban Chevrolet Cadillac,New GM,1GYFZFR4XRF100507,CADI,XT4 SPORT,2024,,45113,51193.41,46101
67319,Suburban Chevrolet Cadillac,New GM,1GYKNDR45RZ703667,CADI,XT5 PREMIUM LUXURY,2024,,45124,54960.67,46101
67319,Suburban Chevrolet Cadillac,New GM,1GYKNDRS5PZ208641,CADI,XT5 PREMIUM LUXURY,2023,,45117,50522.43,46101
67319,Suburban Chevrolet Cadillac,New GM,1GYKNDRS9PZ208741,CADI,XT5 PREMIUM LUXURY,2023,,45117,50522.43,46101
67319,Suburban Chevrolet Cadillac,New GM,1GYKNDRS9PZ208903,CADI,XT5 PREMIUM LUXURY,2023,,45117,50522.43,46101
67319,Suburban Chevrolet Cadillac,New GM,1GYKNDRSXRZ703677,CADI,XT5 PREMIUM LUXURY,2024,,45124,53239.23,46101
67319,Suburban Chevrolet Cadillac,New GM,1GYKNGRS1RZ703665,CADI,XT5 SPORT,2024,,45124,61888.12,46101
67319,Suburban Chevrolet Cadillac,New GM,1GYKPDRS0PZ212798,CADI,XT6 PREMIUM LUXURY,2023,,45037,56944.14,46042
67319,Suburban Chevrolet Cadillac,New GM,1GYKPDRS4PZ212352,CADI,XT6 PREMIUM LUXURY,2023,,45117,55057.6,46101
67319,Suburban Chevrolet Cadillac,New GM,1GYKPDRS4RZ702874,CADI,XT6 PREMIUM LUXURY,2024,,45112,58260.44,46101
67319,Suburban Chevrolet Cadillac,New GM,1GYKPDRS7PZ212362,CADI,XT6 PREMIUM LUXURY,2023,,45117,55057.6,46101
67319,Suburban Chevrolet Cadillac,New GM,1GYKPDRS8PZ212449,CADI,XT6 PREMIUM LUXURY,2023,,45117,55057.6,46101
67319,Suburban Chevrolet Cadillac,New GM,1GYKPFRS7RZ701732,CADI,XT6 PLATINUM PREMIUM LUXURY,2024,,45114,67822.45,46101
67319,Suburban Chevrolet Cadillac,New GM,1GYKPGRS3RZ700261,CADI,XT6 SPORT,2024,,45097,60871.31,46073
67319,Suburban Chevrolet Cadillac,New GM,1GYKPGRS3RZ702267,CADI,XT6 SPORT,2024,,45107,61077.88,46101
67319,Suburban Chevrolet Cadillac,New GM,1GYKPHRS8RZ702559,CADI,XT6 SPORT PLATINUM,2024,,45110,70947.45,46101
67319,Suburban Chevrolet Cadillac,New GM,1GYKPPRK3RZ102333,CADI,LYRIQ LUXURY,2024,,45128,61609.07,46132
67319,Suburban Chevrolet Cadillac,New GM,1GYKPPRLXRZ101009,CADI,LYRIQ LUXURY,2024,,45128,63794.14,46132
67319,Suburban Chevrolet Cadillac,New GM,1GYS4BKL7PR432505,CADI,ESCALADE PREMIUM LUXURY,2023,,45121,93318.34,46101
67319,Suburban Chevrolet Cadillac,New GM,1GYS4BKL8PR432531,CADI,ESCALADE PREMIUM LUXURY,2023,,45121,93194.4,46101
67319,Suburban Chevrolet Cadillac,New GM,1GYS4BKL9PR414586,CADI,ESCALADE PREMIUM LUXURY,2023,,45107,93837.07,46101
67319,Suburban Chevrolet Cadillac,New GM,1GYS4GKL1PR355174,CADI,ESCALADE SPORT PLATINUM,2023,,45117,101266.18,46101
67319,Suburban Chevrolet Cadillac,New GM,1GYS4GKL2PR355152,CADI,ESCALADE SPORT PLATINUM,2023,,45117,101266.18,46101
67319,Suburban Chevrolet Cadillac,New GM,1GYS4GKL9PR355181,CADI,ESCALADE SPORT PLATINUM,2023,,45117,101266.18,46101
67319,Suburban Chevrolet Cadillac,New GM,1GYS4RKL6PR360964,CADI,ESCALADE ESV SPORT PLATINUM,2023,,45117,104459.29,46101
67319,Suburban Chevrolet Cadillac,New GM,1HA3GTC70PN014587,CHEV,EXPRESS G3500,2023,,45097,38268.38,46073
67319,Suburban Chevrolet Cadillac,New GM,1HA3GTC72PN014574,CHEV,EXPRESS G3500,2023,,45097,38268.38,46073
67319,Suburban Chevrolet Cadillac,New GM,1HA3GTC75PN014066,CHEV,EXPRESS G3500,2023,,45091,38268.38,46073
67319,Suburban Chevrolet Cadillac,New GM,1HA3GTC75PN014598,CHEV,EXPRESS G3500,2023,,45097,38268.38,46073
67319,Suburban Chevrolet Cadillac,New GM,1HA3GTC76PN014089,CHEV,EXPRESS G3500,2023,,45089,38268.38,46073
67319,Suburban Chevrolet Cadillac,New GM,1HA3GTC76PN014612,CHEV,EXPRESS G3500,2023,,45103,38268.38,46101
67319,Suburban Chevrolet Cadillac,New GM,1HA3GTC77PN014053,CHEV,EXPRESS G3500,2023,,45090,38268.38,46073
67319,Suburban Chevrolet Cadillac,New GM,1HA3GTC78PN014000,CHEV,EXPRESS G3500,2023,,45089,38268.38,46073
67319,Suburban Chevrolet Cadillac,New GM,1HA3GTC78PN014594,CHEV,EXPRESS G3500,2023,,45097,38268.38,46073
67319,Suburban Chevrolet Cadillac,New GM,1HA3GTC7XPN014578,CHEV,EXPRESS G3500,2023,,45097,38268.38,46073
67319,Suburban Chevrolet Cadillac,New GM,2GC4YTE77R1108778,CHEV,SILVERADO K3500 LT,2024,,45061,60246.01,46042
67319,Suburban Chevrolet Cadillac,New GM,2GC4YVEY1R1113690,CHEV,SILVERADO K3500 HIGH COUNTRY,2024,,45078,85298.01,46073
67319,Suburban Chevrolet Cadillac,New GM,2GC4YVEY5R1122070,CHEV,SILVERADO K3500 HIGH COUNTRY,2024,,45112,85252.01,46101
67319,Suburban Chevrolet Cadillac,New GM,2GC4YVEY9R1111203,CHEV,SILVERADO K3500 HIGH COUNTRY,2024,,45065,85298.01,46042
67319,Suburban Chevrolet Cadillac,New GM,2GCUDEED3P1152318,CHEV,SILVERADO K1500 RST,2023,,45128,64522.3,46132
67319,Suburban Chevrolet Cadillac,New GM,3GCUDCED0PG341715,CHEV,SILVERADO K1500 TRAIL BOSS CUS,2023,,45125,53386,46101
67319,Suburban Chevrolet Cadillac,New GM,3GNAXKEG0PL219076,CHEV,EQUINOX LT,2023,,45105,30057.4,46101
67319,Suburban Chevrolet Cadillac,New GM,3GNAXKEG0RL103489,CHEV,EQUINOX LT,2024,,45119,30150.2,46101
67319,Suburban Chevrolet Cadillac,New GM,3GNAXKEG2RL103185,CHEV,EQUINOX LT,2024,,45128,30150.2,46132
67319,Suburban Chevrolet Cadillac,New GM,3GNAXKEG2RL105325,CHEV,EQUINOX LT,2024,,45119,30605.59,46101
67319,Suburban Chevrolet Cadillac,New GM,3GNAXKEG3PL258437,CHEV,EQUINOX LT,2023,,45117,30057.4,46101
67319,Suburban Chevrolet Cadillac,New GM,3GNAXKEG6RL103514,CHEV,EQUINOX LT,2024,,45119,30150.2,46101
67319,Suburban Chevrolet Cadillac,New GM,3GNAXKEG6RL115565,CHEV,EQUINOX LT,2024,,45126,30150.2,46101
67319,Suburban Chevrolet Cadillac,New GM,3GNAXKEG6RL119888,CHEV,EQUINOX LT,2024,,45124,31254.2,46101
67319,Suburban Chevrolet Cadillac,New GM,3GNAXKEG7PL230589,CHEV,EQUINOX LT,2023,,45097,31161.4,46073
67319,Suburban Chevrolet Cadillac,New GM,3GNAXKEG7PL257937,CHEV,EQUINOX LT,2023,,45110,30057.4,46101
67319,Suburban Chevrolet Cadillac,New GM,3GNAXKEG7PS109681,CHEV,EQUINOX LT,2023,,45128,29584.2,46132
67319,Suburban Chevrolet Cadillac,New GM,3GNAXKEG7PS153437,CHEV,EQUINOX LT,2023,,45126,31161.4,46101
67319,Suburban Chevrolet Cadillac,New GM,3GNAXKEG8RS111961,CHEV,EQUINOX LT,2024,,45121,30150.2,46101
67319,Suburban Chevrolet Cadillac,New GM,3GNAXKEG9RL109064,CHEV,EQUINOX LT,2024,,45117,32767.59,46101
67319,Suburban Chevrolet Cadillac,New GM,3GNAXKEG9RS106767,CHEV,EQUINOX LT,2024,,45126,31254.2,46101
67319,Suburban Chevrolet Cadillac,New GM,3GNAXKEGXPS190840,CHEV,EQUINOX LT,2023,,45117,30057.4,46101
67319,Suburban Chevrolet Cadillac,New GM,3GNAXKEGXRL106092,CHEV,EQUINOX LT,2024,,45120,31663.59,46101
67319,Suburban Chevrolet Cadillac,New GM,3GNAXMEG0RS112095,CHEV,EQUINOX RS,2024,,45121,31552.8,46101
67319,Suburban Chevrolet Cadillac,New GM,3GNAXMEG2RS111742,CHEV,EQUINOX RS,2024,,45121,32928.21,46101
67319,Suburban Chevrolet Cadillac,New GM,3GNAXMEG2RS112096,CHEV,EQUINOX RS,2024,,45121,31552.8,46101
67319,Suburban Chevrolet Cadillac,New GM,3GNAXMEG6RS109427,CHEV,EQUINOX RS,2024,,45113,35485.81,46101
67319,Suburban Chevrolet Cadillac,New GM,3GNAXMEG6RS112103,CHEV,EQUINOX RS,2024,,45121,31552.8,46101
67319,Suburban Chevrolet Cadillac,New GM,3GNAXMEG7RS111736,CHEV,EQUINOX RS,2024,,45120,32928.21,46101
67319,Suburban Chevrolet Cadillac,New GM,3GNAXUEG0RS111965,CHEV,EQUINOX LT,2024,,45121,31692.6,46101
67319,Suburban Chevrolet Cadillac,New GM,3GNAXUEG2PS201146,CHEV,EQUINOX LT,2023,,45119,31599.8,46101
67319,Suburban Chevrolet Cadillac,New GM,3GNAXUEG2RL100153,CHEV,EQUINOX LT,2024,,45117,33205.99,46101
67319,Suburban Chevrolet Cadillac,New GM,3GNAXUEG4RS106770,CHEV,EQUINOX LT,2024,,45105,32796.6,46101
67319,Suburban Chevrolet Cadillac,New GM,3GNAXUEG4RS111967,CHEV,EQUINOX LT,2024,,45121,32147.99,46101
67319,Suburban Chevrolet Cadillac,New GM,3GNAXUEG4RS113346,CHEV,EQUINOX LT,2024,,45127,32883.99,46101
67319,Suburban Chevrolet Cadillac,New GM,3GNAXUEG6RS107709,CHEV,EQUINOX LT,2024,,45107,31692.6,46101
67319,Suburban Chevrolet Cadillac,New GM,3GNAXUEG7RL109124,CHEV,EQUINOX LT,2024,,45117,34309.99,46101
67319,Suburban Chevrolet Cadillac,New GM,3GNAXUEG7RS111963,CHEV,EQUINOX LT,2024,,45121,31692.6,46101
67319,Suburban Chevrolet Cadillac,New GM,3GNAXUEG8RL103610,CHEV,EQUINOX LT,2024,,45119,33661.4,46101
67319,Suburban Chevrolet Cadillac,New GM,3GNAXUEG9PL219685,CHEV,EQUINOX LT,2023,,45113,31599.8,46101
67319,Suburban Chevrolet Cadillac,New GM,3GNAXUEG9PL230590,CHEV,EQUINOX LT,2023,,45098,32703.8,46101
67319,Suburban Chevrolet Cadillac,New GM,3GNAXWEG0RS109435,CHEV,EQUINOX RS,2024,,45114,37028.21,46101
67319,Suburban Chevrolet Cadillac,New GM,3GNAXWEG1RS111744,CHEV,EQUINOX RS,2024,,45121,35574.61,46101
67319,Suburban Chevrolet Cadillac,New GM,3GNAXWEG3RS109431,CHEV,EQUINOX RS,2024,,45119,37028.21,46101
67319,Suburban Chevrolet Cadillac,New GM,3GNAXWEG7PL218319,CHEV,EQUINOX RS,2023,,45110,33024.41,46101
67319,Suburban Chevrolet Cadillac,New GM,3GNAXWEG9PS148179,CHEV,EQUINOX RS,2023,,45124,33024.41,46101
67319,Suburban Chevrolet Cadillac,New GM,3GNAXWEG9RS112107,CHEV,EQUINOX RS,2024,,45121,33550.61,46101
67319,Suburban Chevrolet Cadillac,New GM,3GNAXXEG0RL125652,CHEV,EQUINOX PREMIERE,2024,,45117,36895.4,46101
67319,Suburban Chevrolet Cadillac,New GM,3GNAXXEG3PL218503,CHEV,EQUINOX PREMIER,2023,,45098,33900.81,46101
67319,Suburban Chevrolet Cadillac,New GM,3GNAXXEG5PL206742,CHEV,EQUINOX PREMIER,2023,,45119,37916.6,46101
67319,Suburban Chevrolet Cadillac,New GM,3GNAXXEG7PL215863,CHEV,EQUINOX PREMIER,2023,,45098,37916.6,46101
67319,Suburban Chevrolet Cadillac,New GM,3GNKBCR41PS233230,CHEV,BLAZER 2LT,2023,,45128,38129.4,46132
67319,Suburban Chevrolet Cadillac,New GM,3GNKBCR42PS228957,CHEV,BLAZER 2LT,2023,,45121,38111,46101
67319,Suburban Chevrolet Cadillac,New GM,3GNKBCR44PS230399,CHEV,BLAZER 2LT,2023,,45128,38111,46132
67319,Suburban Chevrolet Cadillac,New GM,3GNKBCR44PS233173,CHEV,BLAZER 2LT,2023,,45128,38129.4,46132
67319,Suburban Chevrolet Cadillac,New GM,3GNKBCR44PS233237,CHEV,BLAZER 2LT,2023,,45128,38129.4,46132
67319,Suburban Chevrolet Cadillac,New GM,3GNKBCR45PS231481,CHEV,BLAZER 2LT,2023,,45128,38111,46132
67319,Suburban Chevrolet Cadillac,New GM,3GNKBCR45PS233425,CHEV,BLAZER 2LT,2023,,45128,37398.01,46132
67319,Suburban Chevrolet Cadillac,New GM,3GNKBCR46PS233188,CHEV,BLAZER 2LT,2023,,45128,38129.4,46132
67319,Suburban Chevrolet Cadillac,New GM,3GNKBCR46PS233210,CHEV,BLAZER 2LT,2023,,45128,38129.4,46132
67319,Suburban Chevrolet Cadillac,New GM,3GNKBCR46PS233224,CHEV,BLAZER 2LT,2023,,45128,38584.81,46132
67319,Suburban Chevrolet Cadillac,New GM,3GNKBCR49PS233184,CHEV,BLAZER 2LT,2023,,45128,38129.4,46132
67319,Suburban Chevrolet Cadillac,New GM,3GNKBCR49PS233427,CHEV,BLAZER 2LT,2023,,45128,37398.01,46132
67319,Suburban Chevrolet Cadillac,New GM,3GNKBDRS1PS231479,CHEV,BLAZER 3LT,2023,,45125,42992.41,46101
67319,Suburban Chevrolet Cadillac,New GM,3GNKBDRS9PS231486,CHEV,BLAZER 3LT,2023,,45121,42992.41,46101
67319,Suburban Chevrolet Cadillac,New GM,3GNKBKRS4PS226801,CHEV,BLAZER RS,2023,,45107,50284.41,46101
67319,Suburban Chevrolet Cadillac,New GM,3GNKBKRS7PS232754,CHEV,BLAZER RS,2023,,45127,51600.01,46101
67319,Suburban Chevrolet Cadillac,New GM,KL77LFE20RC057035,CHEV,TRAX LS,2024,,45119,21880.01,46101
67319,Suburban Chevrolet Cadillac,New GM,KL77LFE22RC064424,CHEV,TRAX LS,2024,,45107,21880.01,46101
67319,Suburban Chevrolet Cadillac,New GM,KL77LFE23RC054792,CHEV,TRAX LS,2024,,45103,21880.01,46101
67319,Suburban Chevrolet Cadillac,New GM,KL77LGE21RC036524,CHEV,TRAX 1RS,2024,,45082,22657.2,46073
67319,Suburban Chevrolet Cadillac,New GM,KL77LGE25RC051365,CHEV,TRAX 1RS,2024,,45103,23213.81,46101
67319,Suburban Chevrolet Cadillac,New GM,KL77LGE27RC024345,CHEV,TRAX 1RS,2024,,45110,22657.2,46101
67319,Suburban Chevrolet Cadillac,New GM,KL77LGE29RC023469,CHEV,TRAX 1RS,2024,,45110,22887.2,46101
67319,Suburban Chevrolet Cadillac,New GM,KL77LGE29RC064393,CHEV,TRAX 1RS,2024,,45107,22850.4,46101
67319,Suburban Chevrolet Cadillac,New GM,KL77LHE21RC026372,CHEV,TRAX 1LT,2024,,45110,23997.41,46101
67319,Suburban Chevrolet Cadillac,New GM,KL77LHE23RC054786,CHEV,TRAX 1LT,2024,,45103,23960.61,46101
67319,Suburban Chevrolet Cadillac,New GM,KL77LHE28RC056484,CHEV,TRAX 1LT,2024,,45119,23960.61,46101
67319,Suburban Chevrolet Cadillac,New GM,KL77LHE2XRC025091,CHEV,TRAX 1LT,2024,,45110,23997.41,46101
67319,Suburban Chevrolet Cadillac,New GM,KL77LJE22RC057217,CHEV,TRAX 2RS,2024,,45119,24373.6,46101
67319,Suburban Chevrolet Cadillac,New GM,KL77LJE23RC056111,CHEV,TRAX 2RS,2024,,45119,24373.6,46101
67319,Suburban Chevrolet Cadillac,New GM,KL77LJE25RC056983,CHEV,TRAX 2RS,2024,,45119,26066.4,46101
67319,Suburban Chevrolet Cadillac,New GM,KL77LJE2XRC057188,CHEV,TRAX 2RS,2024,,45119,26429.81,46101
67319,Suburban Chevrolet Cadillac,New GM,KL77LKE20RC047842,CHEV,TRAX ACTIV,2024,,45121,25243.01,46101
67319,Suburban Chevrolet Cadillac,New GM,KL77LKE25RC056181,CHEV,TRAX ACTIV,2024,,45119,24971.6,46101
67319,Suburban Chevrolet Cadillac,New GM,KL77LKE28RC049824,CHEV,TRAX ACTIV,2024,,45126,24971.6,46101
67319,Suburban Chevrolet Cadillac,New GM,KL79MUSL2PB164954,CHEV,TRAILBLAZER RS,2023,,45058,28311.6,46042
67319,Suburban Chevrolet Cadillac,New GM,KL79MVSL9PB203349,CHEV,TRAILBLAZER ACTIV,2023,,45120,27513,46101
