Serial Number,Loan Number,Commitment Number,Customer Number,Parent Customer Name,Collateral Code,Year,Model,Manufacturer,Commitment Effective Date,Commitment Expiration Date,Current Principal Amount,Commitment Amount,Payee Name,Payee Number,Mileage,Brand,Post Date,Approval Number
1B9HUWH20PJ311312,9021627,,LIT01,LITHIA RV,NEWRV,2023,INT 24GL,Other Mfg Company,,,192755,,,,0,AIRSTREAM,7/7/2023 0:00,
1B9GUXE28RJ420268,9024508,,LIT01,LITHIA RV,NEWRV,2024,RANGELINE ,Other Mfg Company,7/5/2023 0:00,7/10/2023 0:00,125573,0,AIRSTREAM,AIRSTREAM,0,AIRSTREAM,7/10/2023 0:00,138824
1STK9AG27PJ567436,8844419,,LIT01,LITHIA RV,NEWRV,2023,23FB FLYCLO,Other Mfg Company,3/15/2023 0:00,3/23/2023 0:00,75049,0,AIRSTREAM,AIRSTREAM,0,AIRSTREAM,3/23/2023 0:00,128385
1STVMAF12PJ568059,8911274,,LIT01,LITHIA RV,NEWRV,2023,22FB CAR,Other Mfg Company,4/24/2023 0:00,5/3/2023 0:00,67658,0,AIRSTREAM,AIRSTREAM,0,AIRSTREAM,5/3/2023 0:00,132400
1STCMAD19PJ567971,8911275,,LIT01,LITHIA RV,NEWRV,2023,20FB CAR,Other Mfg Company,4/24/2023 0:00,5/3/2023 0:00,65167,0,AIRSTREAM,AIRSTREAM,0,AIRSTREAM,5/3/2023 0:00,132402
1STJFYM20PJ568428,8911276,,LIT01,LITHIA RV,NEWRV,2023,28 POTTERY B,Other Mfg Company,4/24/2023 0:00,5/3/2023 0:00,126846,0,AIRSTREAM,AIRSTREAM,0,AIRSTREAM,5/3/2023 0:00,132401
1STJFYJ23PJ567875,8911278,,LIT01,LITHIA RV,NEWRV,2023,25FB INT,Other Mfg Company,4/19/2023 0:00,5/3/2023 0:00,95517,0,AIRSTREAM,AIRSTREAM,0,AIRSTREAM,5/3/2023 0:00,131649
1STCMAD11PJ568659,8980065,,LIT01,LITHIA RV,NEWRV,2023,20FB CAR,Other Mfg Company,6/8/2023 0:00,6/13/2023 0:00,64815,0,AIRSTREAM,AIRSTREAM,0,AIRSTREAM,6/13/2023 0:00,137021
1STT9YL20PJ568737,8997443,,LIT01,LITHIA RV,NEWRV,2023,27FB FLYC,Other Mfg Company,6/14/2023 0:00,6/22/2023 0:00,92354,0,AIRSTREAM,AIRSTREAM,0,AIRSTREAM,6/22/2023 0:00,137507
1STHMAC17PJ568740,8997446,,LIT01,LITHIA RV,NEWRV,2023,16 BAMBI ,Other Mfg Company,6/14/2023 0:00,6/22/2023 0:00,47481,0,AIRSTREAM,AIRSTREAM,0,AIRSTREAM,6/22/2023 0:00,137503
1B9GUXE26RJ420267,8997447,,LIT01,LITHIA RV,NEWRV,2024,RANGELINE ,Other Mfg Company,5/24/2023 0:00,6/22/2023 0:00,116241,0,AIRSTREAM,AIRSTREAM,0,AIRSTREAM,6/22/2023 0:00,135799
1SMG4DD27PJ208545,8815031,,LIT01,LITHIA RV,NEWRV,2023,BASECAMP 20,Other Mfg Company,3/1/2023 0:00,3/6/2023 0:00,52036,0,AIRSTREAM,AIRSTREAM,0,AIRSTREAM,3/6/2023 0:00,127129
1STJ9YJ23PJ566975,8815034,,LIT01,LITHIA RV,NEWRV,2023,25FB FLYCLO,Other Mfg Company,2/15/2023 0:00,3/6/2023 0:00,86339,0,AIRSTREAM,AIRSTREAM,0,AIRSTREAM,3/6/2023 0:00,126053
1STTNYJ23PJ566723,8815036,,LIT01,LITHIA RV,NEWRV,2023,25FB GLO,Other Mfg Company,2/1/2023 0:00,3/6/2023 0:00,99764,0,AIRSTREAM,AIRSTREAM,0,AIRSTREAM,3/6/2023 0:00,124073
1STC9YP25PJ566797,8815039,,LIT01,LITHIA RV,NEWRV,2023,30FB FLYCLO BUNK,Other Mfg Company,2/1/2023 0:00,3/6/2023 0:00,98077,0,AIRSTREAM,AIRSTREAM,0,AIRSTREAM,3/6/2023 0:00,124072
1STJ9YJ28PJ568219,8942013,,LIT01,LITHIA RV,NEWRV,2023,25FB FLYC,Other Mfg Company,5/10/2023 0:00,5/22/2023 0:00,91543,0,AIRSTREAM,AIRSTREAM,0,AIRSTREAM,5/22/2023 0:00,134127
1STTFYL23PJ568076,8942014,,LIT01,LITHIA RV,NEWRV,2023,27FB INT,Other Mfg Company,5/3/2023 0:00,5/22/2023 0:00,101884,0,AIRSTREAM,AIRSTREAM,0,AIRSTREAM,5/22/2023 0:00,133546
1STC9YP26PJ568073,8942015,,LIT01,LITHIA RV,NEWRV,2023,30FB FLC BUNK,Other Mfg Company,5/3/2023 0:00,5/22/2023 0:00,98077,0,AIRSTREAM,AIRSTREAM,0,AIRSTREAM,5/22/2023 0:00,133545
1STTNYL23PJ568159,8942016,,LIT01,LITHIA RV,NEWRV,2023,27FB GLO ,Other Mfg Company,5/3/2023 0:00,5/22/2023 0:00,105704,0,AIRSTREAM,AIRSTREAM,0,AIRSTREAM,5/22/2023 0:00,133544
1STJFYM26PJ568658,8942012,,LIT01,LITHIA RV,NEWRV,2023,28 POTTERY B,Other Mfg Company,5/10/2023 0:00,5/22/2023 0:00,126846,0,AIRSTREAM,AIRSTREAM,0,AIRSTREAM,5/22/2023 0:00,134118
1SMG4DC1XPJ208838,8997444,,LIT01,LITHIA RV,NEWRV,2023,BASECAMP 16,Other Mfg Company,6/14/2023 0:00,6/22/2023 0:00,50708,0,AIRSTREAM,AIRSTREAM,0,AIRSTREAM,6/22/2023 0:00,137513
1STTNYL23PJ565925,8721294,,LIT01,LITHIA RV,NEWRV,2023,27FB GLOBE,Other Mfg Company,12/7/2022 0:00,12/30/2022 0:00,105704,0,AIRSTREAM,AIRSTREAM,0,AIRSTREAM,12/30/2022 0:00,120078
1SMG4DD26PJ208262,8721297,,LIT01,LITHIA RV,NEWRV,2023,BASECAMP 20,Other Mfg Company,12/1/2022 0:00,12/30/2022 0:00,52036,0,AIRSTREAM,AIRSTREAM,0,AIRSTREAM,12/30/2022 0:00,119650
1STTNYL20PJ566272,8721291,,LIT01,LITHIA RV,NEWRV,2023,27FB GLOBE,Other Mfg Company,12/21/2022 0:00,12/30/2022 0:00,104074,0,AIRSTREAM,AIRSTREAM,0,AIRSTREAM,12/30/2022 0:00,121306
1SMG4DD25PJ208169,8632827,,LIT01,LITHIA RV,NEWRV,2023,BASECAMP 20,Other Mfg Company,11/2/2022 0:00,11/3/2022 0:00,52036,0,AIRSTREAM,AIRSTREAM,0,AIRSTREAM,11/3/2022 0:00,117863
1STJ9YJ27PJ567627,8881648,,LIT01,LITHIA RV,NEWRV,2023,25FB FLYC,Other Mfg Company,4/5/2023 0:00,4/14/2023 0:00,91543,0,AIRSTREAM,AIRSTREAM,0,AIRSTREAM,4/14/2023 0:00,130534
1STTFYL24PJ568815,9000014,,LIT01,LITHIA RV,NEWRV,2023,27FB INT,Other Mfg Company,6/22/2023 0:00,6/23/2023 0:00,101884,0,AIRSTREAM,AIRSTREAM,0,AIRSTREAM,6/23/2023 0:00,137930
1SMG4DD23PJ208025,8597645,,LIT01,LITHIA RV,NEWRV,2023,BASECAMP 20,Other Mfg Company,10/11/2022 0:00,10/12/2022 0:00,52036,0,AIRSTREAM,AIRSTREAM,0,AIRSTREAM,10/12/2022 0:00,116034
PJ207864,8584295,,LIT01,LITHIA RV,NEWRV,2023,BASECAMP,Other Mfg Company,,,50708,,AIRSTREAM,AIRSTREAM,0,AIRSTREAM,10/3/2022 0:00,
PJ310177,8584304,,LIT01,LITHIA RV,NEWRV,2022,INTERSTATE,Other Mfg Company,,,189203,,AIRSTREAM,AIRSTREAM,0,AIRSTREAM,10/3/2022 0:00,
1B9HUWH25RJ307419,9033408,,LIT01,LITHIA RV,NEWRV,2024,INT 24GL,Other Mfg Company,7/13/2023 0:00,7/14/2023 0:00,217755,0,AIRSTREAM,AIRSTREAM,0,AIRSTREAM,7/14/2023 0:00,139281
1SMG4DD28PJ208442,8764568,,LIT01,LITHIA RV,NEWRV,2023,BASECAMP 20,Other Mfg Company,1/26/2023 0:00,1/31/2023 0:00,52036,0,AIRSTREAM,AIRSTREAM,0,AIRSTREAM,1/31/2023 0:00,123212
1STJ9TJ22PJ566479,8764571,,LIT01,LITHIA RV,NEWRV,2023,25FB FLYCLO,Other Mfg Company,1/18/2023 0:00,1/31/2023 0:00,86339,0,AIRSTREAM,AIRSTREAM,0,AIRSTREAM,1/31/2023 0:00,122494
1STTNYL25PJ566557,8764572,,LIT01,LITHIA RV,NEWRV,2023,27FB GLOBE,Other Mfg Company,1/18/2023 0:00,1/31/2023 0:00,105704,0,AIRSTREAM,AIRSTREAM,0,AIRSTREAM,1/31/2023 0:00,122493
1SMG4DC13PJ208471,8764574,,LIT01,LITHIA RV,NEWRV,2023,BASECAMP 16,Other Mfg Company,1/4/2023 0:00,1/31/2023 0:00,51508,0,AIRSTREAM,AIRSTREAM,0,AIRSTREAM,1/31/2023 0:00,121773
1B9GUWA27PJ310972,8764576,,LIT01,LITHIA RV,NEWRV,2023,INTERSTATE 19,Other Mfg Company,1/5/2023 0:00,1/31/2023 0:00,167356,0,AIRSTREAM,AIRSTREAM,0,AIRSTREAM,1/31/2023 0:00,121771
1STKFAG24PJ565362,8706710,,LIT01,LITHIA RV,NEWRV,2023,23 INT,Other Mfg Company,10/26/2022 0:00,12/20/2022 0:00,86005,0,AIRSTREAM,AIRSTREAM,0,AIRSTREAM,12/20/2022 0:00,117389
1SMG4DD29PJ208224,8706707,,LIT01,LITHIA RV,NEWRV,2023,BASECAMP 20,Other Mfg Company,11/18/2022 0:00,12/20/2022 0:00,52036,0,AIRSTREAM,AIRSTREAM,0,AIRSTREAM,12/20/2022 0:00,118871
1B9HUWH20PJ311150,8866189,,LIT01,LITHIA RV,NEWRV,2023,INTERSTATE 24GL,Other Mfg Company,,,216906,,,,0,AIRSTREAM,4/5/2023 0:00,
1B9GUXE2XRJ420255,9024509,,LIT02,LITHIA RV,NEWRV,2024,RANGELINE ,Other Mfg Company,7/5/2023 0:00,7/10/2023 0:00,125573,0,AIRSTREAM,AIRSTREAM,0,AIRSTREAM,7/10/2023 0:00,138832
1B9GUWA25RJ308141,9024510,,LIT02,LITHIA RV,NEWRV,2024,INT 19,Other Mfg Company,7/5/2023 0:00,7/10/2023 0:00,195096,0,AIRSTREAM,AIRSTREAM,0,AIRSTREAM,7/10/2023 0:00,138828
1STCMAA11PJ568911,9024511,,LIT02,LITHIA RV,NEWRV,2023,19CB CAR,Other Mfg Company,7/5/2023 0:00,7/10/2023 0:00,62677,0,AIRSTREAM,AIRSTREAM,0,AIRSTREAM,7/10/2023 0:00,138826
1STJNYP21PJ568467,9024512,,LIT02,LITHIA RV,NEWRV,2023,30RB GLO ,Other Mfg Company,7/5/2023 0:00,7/10/2023 0:00,112966,0,AIRSTREAM,AIRSTREAM,0,AIRSTREAM,7/10/2023 0:00,138825
1SMG4DC1XPJ208743,8844448,,LIT02,LITHIA RV,NEWRV,2023,BASECAMP 16,Other Mfg Company,3/15/2023 0:00,3/23/2023 0:00,51508,0,AIRSTREAM,AIRSTREAM,0,AIRSTREAM,3/23/2023 0:00,128389
1STJBYP22PJ567370,8844451,,LIT02,LITHIA RV,NEWRV,2023,30RB CLASSIC,Other Mfg Company,3/8/2023 0:00,3/23/2023 0:00,143625,0,AIRSTREAM,AIRSTREAM,0,AIRSTREAM,3/23/2023 0:00,127505
1STC9YP27PJ567028,8815044,,LIT02,LITHIA RV,NEWRV,2023,30FB FLYCLO BUNK,Other Mfg Company,2/22/2023 0:00,3/6/2023 0:00,98077,0,AIRSTREAM,AIRSTREAM,0,AIRSTREAM,3/6/2023 0:00,126377
1STHMAC19PJ566987,8815050,,LIT02,LITHIA RV,NEWRV,2023,16RB CARAVEL,Other Mfg Company,2/15/2023 0:00,3/6/2023 0:00,59834,0,AIRSTREAM,AIRSTREAM,0,AIRSTREAM,3/6/2023 0:00,125311
1STTNYJ21PJ566896,8815054,,LIT02,LITHIA RV,NEWRV,2023,25FB GLO,Other Mfg Company,2/15/2023 0:00,3/6/2023 0:00,99764,0,AIRSTREAM,AIRSTREAM,0,AIRSTREAM,3/6/2023 0:00,125312
1STTFYL24PJ566739,8815061,,LIT02,LITHIA RV,NEWRV,2023,27FB INT,Other Mfg Company,2/1/2023 0:00,3/6/2023 0:00,101884,0,AIRSTREAM,AIRSTREAM,0,AIRSTREAM,3/6/2023 0:00,124077
1B9KUWH23PJ311004,9041254,,LIT02,LITHIA RV,NEWRV,2023,ATLAS,Other Mfg Company,,,225734,,,,0,AIRSTREAM,7/20/2023 0:00,
1SMG4DD20PJ208600,8864296,,LIT02,LITHIA RV,NEWRV,2023,BASECAMP 20,Other Mfg Company,3/28/2023 0:00,4/4/2023 0:00,52036,0,AIRSTREAM,AIRSTREAM,0,AIRSTREAM,4/4/2023 0:00,129614
1B9GUXE28PJ420187,8911280,,LIT02,LITHIA RV,NEWRV,2023,RANGELINE ,Other Mfg Company,4/24/2023 0:00,5/3/2023 0:00,116241,0,AIRSTREAM,AIRSTREAM,0,AIRSTREAM,5/3/2023 0:00,132406
1STJFYJ26PJ568129,9046703,,LIT02,LITHIA RV,NEWRV,2023,25FB INT,Other Mfg Company,,,101073,,,,0,AIRSTREAM,7/24/2023 0:00,
1STTFYL23PJ568546,8964586,,LIT02,LITHIA RV,NEWRV,2023,27FB INT,Other Mfg Company,6/1/2023 0:00,6/5/2023 0:00,101884,0,AIRSTREAM,AIRSTREAM,0,AIRSTREAM,6/5/2023 0:00,136342
1SMG4DD26PJ208777,8964588,,LIT02,LITHIA RV,NEWRV,2023,BASECAMP 20,Other Mfg Company,6/1/2023 0:00,6/5/2023 0:00,52036,0,AIRSTREAM,AIRSTREAM,0,AIRSTREAM,6/5/2023 0:00,136350
1STTNYL23PJ567688,8881652,,LIT02,LITHIA RV,NEWRV,2023,27FB GLO ,Other Mfg Company,4/5/2023 0:00,4/14/2023 0:00,105704,0,AIRSTREAM,AIRSTREAM,0,AIRSTREAM,4/14/2023 0:00,130535
1STK9AG25PJ568536,8964585,,LIT02,LITHIA RV,NEWRV,2023,23FB FLC,Other Mfg Company,6/1/2023 0:00,6/5/2023 0:00,75049,0,AIRSTREAM,AIRSTREAM,0,AIRSTREAM,6/5/2023 0:00,136347
1STT9YL25PJ567163,8979920,,LIT02,LITHIA RV,NEWRV,2023,27FB FLYCLO,Other Mfg Company,,,92354,,,,0,AIRSTREAM,6/13/2023 0:00,
1STJ9YJ2XPJ567444,8979927,,LIT02,LITHIA RV,NEWRV,2023,25FB FLYCLO,Other Mfg Company,,,91895,,,,0,AIRSTREAM,6/13/2023 0:00,
1STJ9YJ22PJ567146,8815041,,LIT02,LITHIA RV,NEWRV,2023,25FB FLYCLO,Other Mfg Company,3/1/2023 0:00,3/6/2023 0:00,86339,0,AIRSTREAM,AIRSTREAM,0,AIRSTREAM,3/6/2023 0:00,127132
1B9GUWA26PJ310820,8738576,,LIT02,LITHIA RV,NEWRV,2023,INTERSTATE 19,Other Mfg Company,1/4/2023 0:00,1/12/2023 0:00,167356,0,AIRSTREAM,AIRSTREAM,0,AIRSTREAM,1/12/2023 0:00,121775
1B9GUWA25PJ310713,8738580,,LIT02,LITHIA RV,NEWRV,2023,INTERSTATE 19,Other Mfg Company,1/4/2023 0:00,1/12/2023 0:00,171644,0,AIRSTREAM,AIRSTREAM,0,AIRSTREAM,1/12/2023 0:00,121777
1STC9YP28PJ566292,8738585,,LIT02,LITHIA RV,NEWRV,2023,30FB FLYCLO BUNK,Other Mfg Company,1/3/2023 0:00,1/12/2023 0:00,98077,0,AIRSTREAM,AIRSTREAM,0,AIRSTREAM,1/12/2023 0:00,121728
1STC9YP25PJ566184,8738587,,LIT02,LITHIA RV,NEWRV,2023,30FB OFFICE,Other Mfg Company,1/3/2023 0:00,1/12/2023 0:00,98826,0,AIRSTREAM,AIRSTREAM,0,AIRSTREAM,1/12/2023 0:00,121727
1SMG4DD26PJ208732,8942018,,LIT02,LITHIA RV,NEWRV,2023,BASECAMP 20,Other Mfg Company,5/17/2023 0:00,5/22/2023 0:00,52036,0,AIRSTREAM,AIRSTREAM,0,AIRSTREAM,5/22/2023 0:00,134800
1SMG4DD22PJ208713,8942019,,LIT02,LITHIA RV,NEWRV,2023,BASECAMP 20,Other Mfg Company,5/10/2023 0:00,5/22/2023 0:00,52036,0,AIRSTREAM,AIRSTREAM,0,AIRSTREAM,5/22/2023 0:00,134116
1SMG4DD21PJ208735,8942020,,LIT02,LITHIA RV,NEWRV,2023,BASECAMP 20,Other Mfg Company,5/10/2023 0:00,5/22/2023 0:00,52036,0,AIRSTREAM,AIRSTREAM,0,AIRSTREAM,5/22/2023 0:00,134107
1STC9YP22PJ568054,8942022,,LIT02,LITHIA RV,NEWRV,2023,30FB FLYC OFFICE,Other Mfg Company,5/3/2023 0:00,5/22/2023 0:00,98474,0,AIRSTREAM,AIRSTREAM,0,AIRSTREAM,5/22/2023 0:00,133547
1B9GUXE27RJ420231,9039089,,LIT02,LITHIA RV,NEWRV,2024,RANGELINE ,Other Mfg Company,,,125236,,,,0,AIRSTREAM,7/19/2023 0:00,
1STJFYM22PJ568656,8997448,,LIT02,LITHIA RV,NEWRV,2023,28RB INT ,Other Mfg Company,6/14/2023 0:00,6/22/2023 0:00,102236,0,AIRSTREAM,AIRSTREAM,0,AIRSTREAM,6/22/2023 0:00,137509
1STVMAF13PJ568720,8997449,,LIT02,LITHIA RV,NEWRV,2023,22 BAMBI ,Other Mfg Company,6/14/2023 0:00,6/22/2023 0:00,54952,0,AIRSTREAM,AIRSTREAM,0,AIRSTREAM,6/22/2023 0:00,137506
1B9GUXE20RJ420250,8997450,,LIT02,LITHIA RV,NEWRV,2024,RANGELINE ,Other Mfg Company,5/24/2023 0:00,6/22/2023 0:00,116241,0,AIRSTREAM,AIRSTREAM,0,AIRSTREAM,6/22/2023 0:00,135807
1SMG4DD23PJ208770,8997452,,LIT02,LITHIA RV,NEWRV,2023,BASECAMP 20,Other Mfg Company,5/24/2023 0:00,6/22/2023 0:00,52036,0,AIRSTREAM,AIRSTREAM,0,AIRSTREAM,6/22/2023 0:00,135802
1STTNYL20PJ566028,8721305,,LIT02,LITHIA RV,NEWRV,2023,27FB GLOBE,Other Mfg Company,12/21/2022 0:00,12/30/2022 0:00,107630,0,AIRSTREAM,AIRSTREAM,0,AIRSTREAM,12/30/2022 0:00,121307
1B9GUWA21PJ308943,8721313,,LIT02,LITHIA RV,NEWRV,2023,INTERSTATE 19,Other Mfg Company,12/7/2022 0:00,12/30/2022 0:00,158356,0,AIRSTREAM,AIRSTREAM,0,AIRSTREAM,12/30/2022 0:00,120083
1B9GUWA2XPJ310593,8721299,,LIT02,LITHIA RV,NEWRV,2023,I19,Other Mfg Company,12/29/2022 0:00,12/30/2022 0:00,168207,0,AIRSTREAM,AIRSTREAM,0,AIRSTREAM,12/30/2022 0:00,121539
1STCMAD19PJ565833,8721318,,LIT02,LITHIA RV,NEWRV,2023,20FB CARAVEL ,Other Mfg Company,12/1/2022 0:00,12/30/2022 0:00,65464,0,AIRSTREAM,AIRSTREAM,0,AIRSTREAM,12/30/2022 0:00,119654
1STJ9YJ28PJ565806,8721321,,LIT02,LITHIA RV,NEWRV,2023,25FB FLYCLO,Other Mfg Company,11/18/2022 0:00,12/30/2022 0:00,86006,0,AIRSTREAM,AIRSTREAM,0,AIRSTREAM,12/30/2022 0:00,118872
1STJFYP21PJ567574,8864297,,LIT02,LITHIA RV,NEWRV,2023,30RB INT,Other Mfg Company,3/28/2023 0:00,4/4/2023 0:00,107925,0,AIRSTREAM,AIRSTREAM,0,AIRSTREAM,4/4/2023 0:00,129613
1STHMAC21PJ567771,9004413,,LIT02,LITHIA RV,NEWRV,2023,16 BAMBI ,Other Mfg Company,,,47481,,,,0,AIRSTREAM,6/27/2023 0:00,
1STX9YJ20PJ568743,9000015,,LIT02,LITHIA RV,NEWRV,2023,25RB FLYC,Other Mfg Company,6/21/2023 0:00,6/23/2023 0:00,85987,0,AIRSTREAM,AIRSTREAM,0,AIRSTREAM,6/23/2023 0:00,137848
1B9HUWH27PJ307564,8597651,,LIT02,LITHIA RV,NEWRV,2023,INTERSTATE 24GL,Other Mfg Company,10/11/2022 0:00,10/12/2022 0:00,189755,0,AIRSTREAM,AIRSTREAM,0,AIRSTREAM,10/12/2022 0:00,116037
1STTFYL29PJ568244,8979921,,LIT02,LITHIA RV,NEWRV,2023,27FB INT,Other Mfg Company,,,101884,,,,0,AIRSTREAM,6/13/2023 0:00,
1STVMAF12PJ568269,8979922,,LIT02,LITHIA RV,NEWRV,2023,22FB CAR,Other Mfg Company,,,67658,,,,0,AIRSTREAM,6/13/2023 0:00,
1STJ9YJ26PJ567697,8979923,,LIT02,LITHIA RV,NEWRV,2023,25FB FLYC,Other Mfg Company,,,86339,,,,0,AIRSTREAM,6/13/2023 0:00,
1STHMAC17PJ567538,8979924,,LIT02,LITHIA RV,NEWRV,2023,16RB BAMBI,Other Mfg Company,,,47481,,,,0,AIRSTREAM,6/13/2023 0:00,
1STJ9YJ20PJ567551,8979925,,LIT02,LITHIA RV,NEWRV,2023,25FB FLYCLO,Other Mfg Company,,,86339,,,,0,AIRSTREAM,6/13/2023 0:00,
1STJFYP20PJ568618,8980066,,LIT02,LITHIA RV,NEWRV,2023,30RB INT,Other Mfg Company,6/8/2023 0:00,6/13/2023 0:00,105647,0,AIRSTREAM,AIRSTREAM,0,AIRSTREAM,6/13/2023 0:00,137023
PJ308115,8584312,,LIT02,LITHIA RV,NEWRV,2023,INTERSTATE,Other Mfg Company,,,189195,,AIRSTREAM,AIRSTREAM,0,AIRSTREAM,10/3/2022 0:00,
1STT9YL22PJ566567,8764583,,LIT02,LITHIA RV,NEWRV,2023,27FB FLYCLO,Other Mfg Company,1/18/2023 0:00,1/31/2023 0:00,92354,0,AIRSTREAM,AIRSTREAM,0,AIRSTREAM,1/31/2023 0:00,122497
1B9KUWH20PJ311302,9033409,,LIT02,LITHIA RV,NEWRV,2023,ATLAS ,Other Mfg Company,7/13/2023 0:00,7/14/2023 0:00,260374,0,AIRSTREAM,AIRSTREAM,0,AIRSTREAM,7/14/2023 0:00,139282
1B9GUWH28PJ311232,8844443,,LIT02,LITHIA RV,NEWRV,2023,INTERSTATE 24GT,Other Mfg Company,3/22/2023 0:00,3/23/2023 0:00,211755,0,AIRSTREAM,AIRSTREAM,0,AIRSTREAM,3/23/2023 0:00,129028
1STJBYP28PJ565297,8764586,,LIT03,LITHIA RV,NEWRV,2023,30RB CLASSIC,Other Mfg Company,1/26/2023 0:00,1/31/2023 0:00,143625,0,AIRSTREAM,AIRSTREAM,0,AIRSTREAM,1/31/2023 0:00,123232
1STJ9YJ2XPJ566651,8764587,,LIT03,LITHIA RV,NEWRV,2023,25FB FLYCLO,Other Mfg Company,1/26/2023 0:00,1/31/2023 0:00,86339,0,AIRSTREAM,AIRSTREAM,0,AIRSTREAM,1/31/2023 0:00,123227
1STHMAC14PJ566637,8764590,,LIT03,LITHIA RV,NEWRV,2023,16RB CARAVEL,Other Mfg Company,1/26/2023 0:00,1/31/2023 0:00,59834,0,AIRSTREAM,AIRSTREAM,0,AIRSTREAM,1/31/2023 0:00,123225
1STJ9YJ24PJ566631,8764597,,LIT03,LITHIA RV,NEWRV,2023,25FB FLYCLO,Other Mfg Company,1/26/2023 0:00,1/31/2023 0:00,86339,0,AIRSTREAM,AIRSTREAM,0,AIRSTREAM,1/31/2023 0:00,123228
1B9GUWA21PJ311017,8764596,,LIT03,LITHIA RV,NEWRV,2023,INTERSTATE 19,Other Mfg Company,1/26/2023 0:00,1/31/2023 0:00,168207,0,AIRSTREAM,AIRSTREAM,0,AIRSTREAM,1/31/2023 0:00,123229
1STC9YP2XPJ566620,8764598,,LIT03,LITHIA RV,NEWRV,2023,30FB FLYCLO BUNK,Other Mfg Company,1/26/2023 0:00,1/31/2023 0:00,98077,0,AIRSTREAM,AIRSTREAM,0,AIRSTREAM,1/31/2023 0:00,123224
1STTNYJ28PJ566619,8764599,,LIT03,LITHIA RV,NEWRV,2023,25FB GLO,Other Mfg Company,1/26/2023 0:00,1/31/2023 0:00,99764,0,AIRSTREAM,AIRSTREAM,0,AIRSTREAM,1/31/2023 0:00,123222
1STTFYL23PJ566554,8764600,,LIT03,LITHIA RV,NEWRV,2023,27FB INT,Other Mfg Company,1/18/2023 0:00,1/31/2023 0:00,101884,0,AIRSTREAM,AIRSTREAM,0,AIRSTREAM,1/31/2023 0:00,122503
1B9GUXE27RJ420276,9024513,,LIT03,LITHIA RV,NEWRV,2024,RANGELINE ,Other Mfg Company,7/5/2023 0:00,7/10/2023 0:00,125573,0,AIRSTREAM,AIRSTREAM,0,AIRSTREAM,7/10/2023 0:00,138835
1STJFYM20PJ567571,8844426,,LIT03,LITHIA RV,NEWRV,2023,28RB POTTERY,Other Mfg Company,3/22/2023 0:00,3/23/2023 0:00,127198,0,AIRSTREAM,AIRSTREAM,0,AIRSTREAM,3/23/2023 0:00,129034
1STC9YP28PJ567376,8844430,,LIT03,LITHIA RV,NEWRV,2023,30FB FLYCLO BUNK,Other Mfg Company,3/15/2023 0:00,3/23/2023 0:00,97725,0,AIRSTREAM,AIRSTREAM,0,AIRSTREAM,3/23/2023 0:00,128392
1STVBYT28PJ567378,8844434,,LIT03,LITHIA RV,NEWRV,2023,33FB CLASSIC,Other Mfg Company,3/15/2023 0:00,3/23/2023 0:00,157408,0,AIRSTREAM,AIRSTREAM,0,AIRSTREAM,3/23/2023 0:00,128393
1STJ9YJ23PJ567334,8844435,,LIT03,LITHIA RV,NEWRV,2023,25FB FLYCLO,Other Mfg Company,3/15/2023 0:00,3/23/2023 0:00,86339,0,AIRSTREAM,AIRSTREAM,0,AIRSTREAM,3/23/2023 0:00,128394
1STC9YP21PJ567252,8844440,,LIT03,LITHIA RV,NEWRV,2023,30FB FLYCLO BUNK,Other Mfg Company,3/8/2023 0:00,3/23/2023 0:00,97725,0,AIRSTREAM,AIRSTREAM,0,AIRSTREAM,3/23/2023 0:00,127506
1B9GUWH28PJ307410,8815063,,LIT03,LITHIA RV,NEWRV,2023,INTERSTATE 24X,Other Mfg Company,3/1/2023 0:00,3/6/2023 0:00,192227,0,AIRSTREAM,AIRSTREAM,0,AIRSTREAM,3/6/2023 0:00,127137
1B9KUWH2XPJ311100,8911287,,LIT03,LITHIA RV,NEWRV,2023,ATLAS ,Other Mfg Company,4/24/2023 0:00,5/3/2023 0:00,259523,0,AIRSTREAM,AIRSTREAM,0,AIRSTREAM,5/3/2023 0:00,132423
1B9GUWH21PJ310892,8911288,,LIT03,LITHIA RV,NEWRV,2023,INT 24X,Other Mfg Company,4/24/2023 0:00,5/3/2023 0:00,198227,0,AIRSTREAM,AIRSTREAM,0,AIRSTREAM,5/3/2023 0:00,132428
1SMG4DD26PJ208679,8911289,,LIT03,LITHIA RV,NEWRV,2023,BASECAMP 20,Other Mfg Company,4/24/2023 0:00,5/3/2023 0:00,52036,0,AIRSTREAM,AIRSTREAM,0,AIRSTREAM,5/3/2023 0:00,132416
1B9GUXE28RJ420190,8911294,,LIT03,LITHIA RV,NEWRV,2024,RANGELINE ,Other Mfg Company,4/24/2023 0:00,5/3/2023 0:00,125236,0,AIRSTREAM,AIRSTREAM,0,AIRSTREAM,5/3/2023 0:00,132417
1SMG4DD27PJ208657,8911302,,LIT03,LITHIA RV,NEWRV,2023,BASECAMP 20,Other Mfg Company,4/19/2023 0:00,5/3/2023 0:00,52036,0,AIRSTREAM,AIRSTREAM,0,AIRSTREAM,5/3/2023 0:00,131656
1STJNYP26PJ567881,8911303,,LIT03,LITHIA RV,NEWRV,2023,30RB GLO ,Other Mfg Company,4/19/2023 0:00,5/3/2023 0:00,112614,0,AIRSTREAM,AIRSTREAM,0,AIRSTREAM,5/3/2023 0:00,131655
1STT9YL23PJ568053,8911297,,LIT03,LITHIA RV,NEWRV,2023,27FB FLYC,Other Mfg Company,4/24/2023 0:00,5/3/2023 0:00,92354,0,AIRSTREAM,AIRSTREAM,0,AIRSTREAM,5/3/2023 0:00,132408
1STK9AG24PJ567992,8911298,,LIT03,LITHIA RV,NEWRV,2023,23FB FLC,Other Mfg Company,4/24/2023 0:00,5/3/2023 0:00,74697,0,AIRSTREAM,AIRSTREAM,0,AIRSTREAM,5/3/2023 0:00,132409
1B9GUWH26PJ311097,8911301,,LIT03,LITHIA RV,NEWRV,2023,INT 24GT,Other Mfg Company,4/20/2023 0:00,5/3/2023 0:00,211755,0,AIRSTREAM,AIRSTREAM,0,AIRSTREAM,5/3/2023 0:00,131657
1STJ9YP23PJ567910,8911291,,LIT03,LITHIA RV,NEWRV,2023,30RB FLYC,Other Mfg Company,4/24/2023 0:00,5/3/2023 0:00,96377,0,AIRSTREAM,AIRSTREAM,0,AIRSTREAM,5/3/2023 0:00,132414
1STC9YP25PJ567951,8911292,,LIT03,LITHIA RV,NEWRV,2023,30FB FLYC OFFICE,Other Mfg Company,4/24/2023 0:00,5/3/2023 0:00,98747,0,AIRSTREAM,AIRSTREAM,0,AIRSTREAM,5/3/2023 0:00,132411
1STC9YP25PJ568596,9024514,,LIT03,LITHIA RV,NEWRV,2023,30FB FLC BUNK,Other Mfg Company,7/5/2023 0:00,7/10/2023 0:00,98051,0,AIRSTREAM,AIRSTREAM,0,AIRSTREAM,7/10/2023 0:00,138833
1STHMAC13PJ568539,8964589,,LIT03,LITHIA RV,NEWRV,2023,16RB CAR ,Other Mfg Company,6/1/2023 0:00,6/5/2023 0:00,59834,0,AIRSTREAM,AIRSTREAM,0,AIRSTREAM,6/5/2023 0:00,136340
1SMG4DC18PJ208806,8881653,,LIT03,LITHIA RV,NEWRV,2023,BASECAMP 16,Other Mfg Company,4/12/2023 0:00,4/14/2023 0:00,50708,0,AIRSTREAM,AIRSTREAM,0,AIRSTREAM,4/14/2023 0:00,131093
1SMG4DD26PJ208617,8881661,,LIT03,LITHIA RV,NEWRV,2023,BASECAMP 20,Other Mfg Company,4/5/2023 0:00,4/14/2023 0:00,52036,0,AIRSTREAM,AIRSTREAM,0,AIRSTREAM,4/14/2023 0:00,130547
1STJNYP26PJ567606,8881662,,LIT03,LITHIA RV,NEWRV,2023,30RB GLO ,Other Mfg Company,4/5/2023 0:00,4/14/2023 0:00,112614,0,AIRSTREAM,AIRSTREAM,0,AIRSTREAM,4/14/2023 0:00,130542
1STCMAA14PJ568532,8997457,,LIT03,LITHIA RV,NEWRV,2023,19CB CAR,Other Mfg Company,5/24/2023 0:00,6/22/2023 0:00,62325,0,AIRSTREAM,AIRSTREAM,0,AIRSTREAM,6/22/2023 0:00,135798
1STTNYL23PJ568534,8997461,,LIT03,LITHIA RV,NEWRV,2023,27FB GLO ,Other Mfg Company,5/24/2023 0:00,6/22/2023 0:00,105704,0,AIRSTREAM,AIRSTREAM,0,AIRSTREAM,6/22/2023 0:00,135793
1STTNYJ28PJ568435,8997456,,LIT03,LITHIA RV,NEWRV,2023,25FB GLO,Other Mfg Company,5/24/2023 0:00,6/22/2023 0:00,99412,0,AIRSTREAM,AIRSTREAM,0,AIRSTREAM,6/22/2023 0:00,135797
1STTNYL23PJ567156,8815067,,LIT03,LITHIA RV,NEWRV,2023,27FB GLOBE,Other Mfg Company,3/1/2023 0:00,3/6/2023 0:00,107630,0,AIRSTREAM,AIRSTREAM,0,AIRSTREAM,3/6/2023 0:00,127138
1STJFYP26PJ567067,8815068,,LIT03,LITHIA RV,NEWRV,2023,30RB INT,Other Mfg Company,2/22/2023 0:00,3/6/2023 0:00,105647,0,AIRSTREAM,AIRSTREAM,0,AIRSTREAM,3/6/2023 0:00,126382
1STJFYM28PJ567057,8815071,,LIT03,LITHIA RV,NEWRV,2023,28RB INT,Other Mfg Company,2/22/2023 0:00,3/6/2023 0:00,100606,0,AIRSTREAM,AIRSTREAM,0,AIRSTREAM,3/6/2023 0:00,126385
1SMG4DC11PJ208596,8815072,,LIT03,LITHIA RV,NEWRV,2023,BASECAMP 16,Other Mfg Company,2/22/2023 0:00,3/6/2023 0:00,51323,0,AIRSTREAM,AIRSTREAM,0,AIRSTREAM,3/6/2023 0:00,126381
1STTNYL28PJ566472,8738589,,LIT03,LITHIA RV,NEWRV,2023,27FB GLOBE,Other Mfg Company,1/11/2023 0:00,1/12/2023 0:00,105704,0,AIRSTREAM,AIRSTREAM,0,AIRSTREAM,1/12/2023 0:00,122192
1B9GUWH20PJ311256,8738591,,LIT03,LITHIA RV,NEWRV,2023,INTERSTATE 24GT,Other Mfg Company,1/6/2023 0:00,1/12/2023 0:00,188495,0,AIRSTREAM,AIRSTREAM,0,AIRSTREAM,1/12/2023 0:00,121924
1B9GUWA26PJ310977,8738597,,LIT03,LITHIA RV,NEWRV,2023,INTERSTATE 19,Other Mfg Company,1/5/2023 0:00,1/12/2023 0:00,167356,0,AIRSTREAM,AIRSTREAM,0,AIRSTREAM,1/12/2023 0:00,121786
1STTFYL2XPJ567247,8844436,,LIT03,LITHIA RV,NEWRV,2023,27FB INT,Other Mfg Company,3/15/2023 0:00,3/23/2023 0:00,101884,0,AIRSTREAM,AIRSTREAM,0,AIRSTREAM,3/23/2023 0:00,128398
1STJ9YJ21PJ568353,8942023,,LIT03,LITHIA RV,NEWRV,2023,25FB FLYC,Other Mfg Company,5/17/2023 0:00,5/22/2023 0:00,85987,0,AIRSTREAM,AIRSTREAM,0,AIRSTREAM,5/22/2023 0:00,134807
1STJFYJ28PJ568343,8942025,,LIT03,LITHIA RV,NEWRV,2023,25FB INT,Other Mfg Company,5/10/2023 0:00,5/22/2023 0:00,95869,0,AIRSTREAM,AIRSTREAM,0,AIRSTREAM,5/22/2023 0:00,134120
1STJ9YJ23PJ568256,8942028,,LIT03,LITHIA RV,NEWRV,2023,25FB FLYC,Other Mfg Company,5/10/2023 0:00,5/22/2023 0:00,86339,0,AIRSTREAM,AIRSTREAM,0,AIRSTREAM,5/22/2023 0:00,134123
1STCMAA15PJ568247,8942040,,LIT03,LITHIA RV,NEWRV,2023,19CB BAMBI ,Other Mfg Company,5/10/2023 0:00,5/22/2023 0:00,49971,0,AIRSTREAM,AIRSTREAM,0,AIRSTREAM,5/22/2023 0:00,134124
1STTFYL20PJ568245,8942042,,LIT03,LITHIA RV,NEWRV,2023,27FB INT,Other Mfg Company,5/3/2023 0:00,5/22/2023 0:00,107440,0,AIRSTREAM,AIRSTREAM,0,AIRSTREAM,5/22/2023 0:00,133552
1STT9YL2XPJ568163,8942044,,LIT03,LITHIA RV,NEWRV,2023,27FB FLYC,Other Mfg Company,5/3/2023 0:00,5/22/2023 0:00,92354,0,AIRSTREAM,AIRSTREAM,0,AIRSTREAM,5/22/2023 0:00,133553
1SMG4DD2XPJ208698,8942045,,LIT03,LITHIA RV,NEWRV,2023,BASECAMP 20,Other Mfg Company,5/3/2023 0:00,5/22/2023 0:00,52036,0,AIRSTREAM,AIRSTREAM,0,AIRSTREAM,5/22/2023 0:00,133549
1SMG4DC13PJ208826,8942046,,LIT03,LITHIA RV,NEWRV,2023,BASECAMP 16,Other Mfg Company,5/3/2023 0:00,5/22/2023 0:00,50708,0,AIRSTREAM,AIRSTREAM,0,AIRSTREAM,5/22/2023 0:00,133556
1STTNYJ20PJ568168,8942047,,LIT03,LITHIA RV,NEWRV,2023,25FB GLO,Other Mfg Company,5/3/2023 0:00,5/22/2023 0:00,99764,0,AIRSTREAM,AIRSTREAM,0,AIRSTREAM,5/22/2023 0:00,133550
1STVMAF11PJ568165,8942048,,LIT03,LITHIA RV,NEWRV,2023,22 BAMBI ,Other Mfg Company,5/3/2023 0:00,5/22/2023 0:00,54952,0,AIRSTREAM,AIRSTREAM,0,AIRSTREAM,5/22/2023 0:00,133555
1STJ9YM29PJ568211,8942031,,LIT03,LITHIA RV,NEWRV,2023,28 FC ,Other Mfg Company,5/10/2023 0:00,5/22/2023 0:00,92706,0,AIRSTREAM,AIRSTREAM,0,AIRSTREAM,5/22/2023 0:00,134126
1B9GUWH21PJ311315,8942033,,LIT03,LITHIA RV,NEWRV,2023,INT 24X,Other Mfg Company,5/10/2023 0:00,5/22/2023 0:00,217227,0,AIRSTREAM,AIRSTREAM,0,AIRSTREAM,5/22/2023 0:00,134128
1B9GUWH2XPJ311314,8942034,,LIT03,LITHIA RV,NEWRV,2023,INT 24GT,Other Mfg Company,5/10/2023 0:00,5/22/2023 0:00,192755,0,AIRSTREAM,AIRSTREAM,0,AIRSTREAM,5/22/2023 0:00,134122
1B9HUWH22PJ311313,8942035,,LIT03,LITHIA RV,NEWRV,2023,INT 24GL,Other Mfg Company,5/10/2023 0:00,5/22/2023 0:00,192755,0,AIRSTREAM,AIRSTREAM,0,AIRSTREAM,5/22/2023 0:00,134125
1STVMAF14PJ568242,8942036,,LIT03,LITHIA RV,NEWRV,2023,22 BAMBI ,Other Mfg Company,5/10/2023 0:00,5/22/2023 0:00,54952,0,AIRSTREAM,AIRSTREAM,0,AIRSTREAM,5/22/2023 0:00,134129
1STTNYL24PJ568249,8942037,,LIT03,LITHIA RV,NEWRV,2023,27FB GLO ,Other Mfg Company,5/10/2023 0:00,5/22/2023 0:00,105704,0,AIRSTREAM,AIRSTREAM,0,AIRSTREAM,5/22/2023 0:00,134133
1STC9YP20PJ568263,8942038,,LIT03,LITHIA RV,NEWRV,2023,30FB FLC BUNK,Other Mfg Company,5/10/2023 0:00,5/22/2023 0:00,97725,0,AIRSTREAM,AIRSTREAM,0,AIRSTREAM,5/22/2023 0:00,134115
1STK9AG22PJ568347,8942039,,LIT03,LITHIA RV,NEWRV,2023,23FB FLC,Other Mfg Company,5/10/2023 0:00,5/22/2023 0:00,75049,0,AIRSTREAM,AIRSTREAM,0,AIRSTREAM,5/22/2023 0:00,134121
1STJ9YJ23PJ567723,8881660,,LIT03,LITHIA RV,NEWRV,2023,25FB FLYC,Other Mfg Company,4/12/2023 0:00,4/14/2023 0:00,91543,0,AIRSTREAM,AIRSTREAM,0,AIRSTREAM,4/14/2023 0:00,131011
1STTNYL27PJ567676,8881664,,LIT03,LITHIA RV,NEWRV,2023,27FB GLO ,Other Mfg Company,4/5/2023 0:00,4/14/2023 0:00,105704,0,AIRSTREAM,AIRSTREAM,0,AIRSTREAM,4/14/2023 0:00,130540
1B9GUWH25PJ310412,8881666,,LIT03,LITHIA RV,NEWRV,2023,INT 24X,Other Mfg Company,4/5/2023 0:00,4/14/2023 0:00,198227,0,AIRSTREAM,AIRSTREAM,0,AIRSTREAM,4/14/2023 0:00,130546
1STTFYL27PJ567805,8881655,,LIT03,LITHIA RV,NEWRV,2023,27FB INT,Other Mfg Company,4/12/2023 0:00,4/14/2023 0:00,101884,0,AIRSTREAM,AIRSTREAM,0,AIRSTREAM,4/14/2023 0:00,131001
1STTFYL20PJ567659,8881671,,LIT03,LITHIA RV,NEWRV,2023,27FB INT,Other Mfg Company,4/5/2023 0:00,4/14/2023 0:00,107440,0,AIRSTREAM,AIRSTREAM,0,AIRSTREAM,4/14/2023 0:00,130537
1STJFYP2XPJ568495,8997458,,LIT03,LITHIA RV,NEWRV,2023,30RB INT,Other Mfg Company,5/24/2023 0:00,6/22/2023 0:00,105647,0,AIRSTREAM,AIRSTREAM,0,AIRSTREAM,6/22/2023 0:00,135800
1STJBYP28PJ565137,8721327,,LIT03,LITHIA RV,NEWRV,2023,30RB CLASSIC,Other Mfg Company,12/21/2022 0:00,12/30/2022 0:00,143625,0,AIRSTREAM,AIRSTREAM,0,AIRSTREAM,12/30/2022 0:00,121318
1B9GUWA20PJ310246,8721339,,LIT03,LITHIA RV,NEWRV,2023,INTERSTATE 19,Other Mfg Company,12/7/2022 0:00,12/30/2022 0:00,167356,0,AIRSTREAM,AIRSTREAM,0,AIRSTREAM,12/30/2022 0:00,120091
1B9GUWA23PJ310242,8721343,,LIT03,LITHIA RV,NEWRV,2023,INTERSTATE 19,Other Mfg Company,12/7/2022 0:00,12/30/2022 0:00,167356,0,AIRSTREAM,AIRSTREAM,0,AIRSTREAM,12/30/2022 0:00,120094
1STFYM23PJ564129,8721344,,LIT03,LITHIA RV,NEWRV,2018,28RB POTTERY,Other Mfg Company,12/7/2022 0:00,12/30/2022 0:00,127198,0,AIRSTREAM,AIRSTREAM,0,AIRSTREAM,12/30/2022 0:00,120092
1B9GUWA22PJ310894,8721347,,LIT03,LITHIA RV,NEWRV,2023,INTERSTATE 19,Other Mfg Company,12/5/2022 0:00,12/30/2022 0:00,157096,0,AIRSTREAM,AIRSTREAM,0,AIRSTREAM,12/30/2022 0:00,119935
1STJFYP28PJ566194,8721357,,LIT03,LITHIA RV,NEWRV,2023,30RB INT,Other Mfg Company,11/17/2022 0:00,12/30/2022 0:00,107925,0,AIRSTREAM,AIRSTREAM,0,AIRSTREAM,12/30/2022 0:00,118817
1STTNYL24PJ566081,8721329,,LIT03,LITHIA RV,NEWRV,2023,27FB GLOBE,Other Mfg Company,12/21/2022 0:00,12/30/2022 0:00,104074,0,AIRSTREAM,AIRSTREAM,0,AIRSTREAM,12/30/2022 0:00,121313
1STTNYJ24PJ566049,8721330,,LIT03,LITHIA RV,NEWRV,2023,25FB GLO,Other Mfg Company,12/21/2022 0:00,12/30/2022 0:00,99764,0,AIRSTREAM,AIRSTREAM,0,AIRSTREAM,12/30/2022 0:00,121315
1B9GUWA24PJ307995,8721336,,LIT03,LITHIA RV,NEWRV,2023,INTERSTATE 19,Other Mfg Company,12/14/2022 0:00,12/30/2022 0:00,182495,0,AIRSTREAM,AIRSTREAM,0,AIRSTREAM,12/30/2022 0:00,120514
1STVMAF1XPJ567600,8881016,,LIT03,LITHIA RV,NEWRV,2023,22 BAMBI ,Other Mfg Company,,,54952,,,,0,AIRSTREAM,4/14/2023 0:00,
1STJ9YJ21PJ566828,8815081,,LIT03,LITHIA RV,NEWRV,2023,25FB FLYCLO,Other Mfg Company,2/8/2023 0:00,3/6/2023 0:00,86339,0,AIRSTREAM,AIRSTREAM,0,AIRSTREAM,3/6/2023 0:00,124613
1STHMAC11PJ567602,8864303,,LIT03,LITHIA RV,NEWRV,2023,16 BAMBI ,Other Mfg Company,3/28/2023 0:00,4/4/2023 0:00,47481,0,AIRSTREAM,AIRSTREAM,0,AIRSTREAM,4/4/2023 0:00,129618
1STJ9YJ29PJ567595,8864304,,LIT03,LITHIA RV,NEWRV,2023,25FB FLYC,Other Mfg Company,3/28/2023 0:00,4/4/2023 0:00,85987,0,AIRSTREAM,AIRSTREAM,0,AIRSTREAM,4/4/2023 0:00,129620
1STTFYL21PJ565208,8632870,,LIT03,LITHIA RV,NEWRV,2023,27FB INT,Other Mfg Company,11/2/2022 0:00,11/3/2022 0:00,107440,0,AIRSTREAM,AIRSTREAM,0,AIRSTREAM,11/3/2022 0:00,117874
1SMG4DD20PJ208158,8632872,,LIT03,LITHIA RV,NEWRV,2023,BASECAMP 20,Other Mfg Company,11/2/2022 0:00,11/3/2022 0:00,52036,0,AIRSTREAM,AIRSTREAM,0,AIRSTREAM,11/3/2022 0:00,117876
1STJ9YJ22PJ565459,8632874,,LIT03,LITHIA RV,NEWRV,2023,25FB FLYCLO,Other Mfg Company,11/2/2022 0:00,11/3/2022 0:00,84376,0,AIRSTREAM,AIRSTREAM,0,AIRSTREAM,11/3/2022 0:00,117873
1B9GUXE29PJ420132,8881667,,LIT03,LITHIA RV,NEWRV,2023,RANGELINE ,Other Mfg Company,4/5/2023 0:00,4/14/2023 0:00,113169,0,AIRSTREAM,AIRSTREAM,0,AIRSTREAM,4/14/2023 0:00,130548
1STVMAF19PJ567684,8881669,,LIT03,LITHIA RV,NEWRV,2023,22FB CAR,Other Mfg Company,4/5/2023 0:00,4/14/2023 0:00,67658,0,AIRSTREAM,AIRSTREAM,0,AIRSTREAM,4/14/2023 0:00,130543
1STJFYM26PJ567591,8881670,,LIT03,LITHIA RV,NEWRV,2023,28RB INT ,Other Mfg Company,4/5/2023 0:00,4/14/2023 0:00,100606,0,AIRSTREAM,AIRSTREAM,0,AIRSTREAM,4/14/2023 0:00,130545
1STVBYT26PJ567668,8881668,,LIT03,LITHIA RV,NEWRV,2023,33FB CLASSIC,Other Mfg Company,4/5/2023 0:00,4/14/2023 0:00,157408,0,AIRSTREAM,AIRSTREAM,0,AIRSTREAM,4/14/2023 0:00,130544
1STJ9YJ26PJ567747,8881673,,LIT03,LITHIA RV,NEWRV,2023,25FB FLYC,Other Mfg Company,4/5/2023 0:00,4/14/2023 0:00,91895,0,AIRSTREAM,AIRSTREAM,0,AIRSTREAM,4/14/2023 0:00,130538
1STTNYJ27PJ568734,8997454,,LIT03,LITHIA RV,NEWRV,2023,25FB GLO,Other Mfg Company,6/14/2023 0:00,6/22/2023 0:00,99412,0,AIRSTREAM,AIRSTREAM,0,AIRSTREAM,6/22/2023 0:00,137504
1STK9AG28PJ566621,9029027,,LIT03,LITHIA RV,NEWRV,2023,23FB FLYCLO,Other Mfg Company,,,75049,,,,0,AIRSTREAM,7/12/2023 0:00,
1STJ9YP28PJ566199,8706744,,LIT03,LITHIA RV,NEWRV,2023,30RB FLY CLO,Other Mfg Company,11/18/2022 0:00,12/20/2022 0:00,96006,0,AIRSTREAM,AIRSTREAM,0,AIRSTREAM,12/20/2022 0:00,118881
1STTFYL20PJ565264,8706761,,LIT03,LITHIA RV,NEWRV,2023,27FB INT,Other Mfg Company,10/19/2022 0:00,12/20/2022 0:00,101884,0,AIRSTREAM,AIRSTREAM,0,AIRSTREAM,12/20/2022 0:00,116794
1SMG4DD28PJ208084,8706762,,LIT03,LITHIA RV,NEWRV,2023,BASECAMP 20,Other Mfg Company,10/19/2022 0:00,12/20/2022 0:00,52036,0,AIRSTREAM,AIRSTREAM,0,AIRSTREAM,12/20/2022 0:00,116792
1SMG4DD27PJ208044,8706765,,LIT03,LITHIA RV,NEWRV,2023,BASECAMP 20,Other Mfg Company,10/13/2022 0:00,12/20/2022 0:00,52036,0,AIRSTREAM,AIRSTREAM,0,AIRSTREAM,12/20/2022 0:00,116437
1B9GUWA22PJ310443,8706742,,LIT03,LITHIA RV,NEWRV,2023,INTERSTATE 19,Other Mfg Company,11/18/2022 0:00,12/20/2022 0:00,171644,0,AIRSTREAM,AIRSTREAM,0,AIRSTREAM,12/20/2022 0:00,118886
1STX9YJ26PJ568553,9000016,,LIT03,LITHIA RV,NEWRV,2023,25RB FLYC,Other Mfg Company,6/21/2023 0:00,6/23/2023 0:00,85987,0,AIRSTREAM,AIRSTREAM,0,AIRSTREAM,6/23/2023 0:00,137850
1STX9YJ25PJ565112,8597656,,LIT03,LITHIA RV,NEWRV,2023,25FB FLYCLO,Other Mfg Company,10/11/2022 0:00,10/12/2022 0:00,85154,0,AIRSTREAM,AIRSTREAM,0,AIRSTREAM,10/12/2022 0:00,116026
1B9HUW2XPJ311091,8597661,,LIT03,LITHIA RV,NEWRV,2018,INTERSTATE 24GL,Other Mfg Company,10/11/2022 0:00,10/12/2022 0:00,198346,0,AIRSTREAM,AIRSTREAM,0,AIRSTREAM,10/12/2022 0:00,116027
1B9HUW2XPJ307400,8597664,,LIT03,LITHIA RV,NEWRV,2018,INTERSTATE 24GL,Other Mfg Company,10/11/2022 0:00,10/12/2022 0:00,189755,0,AIRSTREAM,AIRSTREAM,0,AIRSTREAM,10/12/2022 0:00,116028
1STHMAC14PJ565052,8595323,,LIT03,LITHIA RV,NEWRV,2023,16RB BAMBI,Other Mfg Company,10/5/2022 0:00,10/11/2022 0:00,48666,0,AIRSTREAM,AIRSTREAM,0,AIRSTREAM,10/11/2022 0:00,115851
1B9GUXE2XRJ420269,8980071,,LIT03,LITHIA RV,NEWRV,2024,RANGELINE ,Other Mfg Company,6/8/2023 0:00,6/13/2023 0:00,116241,0,AIRSTREAM,AIRSTREAM,0,AIRSTREAM,6/13/2023 0:00,137014
1STJNYP24PJ568673,8997453,,LIT03,LITHIA RV,NEWRV,2023,30RB GLO ,Other Mfg Company,6/14/2023 0:00,6/22/2023 0:00,112614,0,AIRSTREAM,AIRSTREAM,0,AIRSTREAM,6/22/2023 0:00,137505
1SMG4DD21PJ208122,8706754,,LIT03,LITHIA RV,NEWRV,2023,BASECAMP 20,Other Mfg Company,10/26/2022 0:00,12/20/2022 0:00,52036,0,AIRSTREAM,AIRSTREAM,0,AIRSTREAM,12/20/2022 0:00,117402
1STJFYM27PJ564070,8706736,,LIT03,LITHIA RV,NEWRV,2023,28RB POTTERY,Other Mfg Company,12/7/2022 0:00,12/20/2022 0:00,126846,0,AIRSTREAM,AIRSTREAM,0,AIRSTREAM,12/20/2022 0:00,120089
1STTNYL24PJ567523,8844422,,LIT03,LITHIA RV,NEWRV,2023,27FB GLOBE,Other Mfg Company,3/22/2023 0:00,3/23/2023 0:00,105704,0,AIRSTREAM,AIRSTREAM,0,AIRSTREAM,3/23/2023 0:00,129031
1STTFYL27PJ567433,8844423,,LIT03,LITHIA RV,NEWRV,2023,27FB INT,Other Mfg Company,3/22/2023 0:00,3/23/2023 0:00,101884,0,AIRSTREAM,AIRSTREAM,0,AIRSTREAM,3/23/2023 0:00,129035
1STX9YJ25PJ567328,8844428,,LIT03,LITHIA RV,NEWRV,2023,25RB FLYCLO,Other Mfg Company,3/15/2023 0:00,3/23/2023 0:00,86339,0,AIRSTREAM,AIRSTREAM,0,AIRSTREAM,3/23/2023 0:00,128390
1STJFYM2XPJ567366,8844429,,LIT03,LITHIA RV,NEWRV,2023,28RB POTTERY,Other Mfg Company,3/15/2023 0:00,3/23/2023 0:00,127198,0,AIRSTREAM,AIRSTREAM,0,AIRSTREAM,3/23/2023 0:00,128396
1STKFAG24PJ567256,8844439,,LIT03,LITHIA RV,NEWRV,2023,23 INT,Other Mfg Company,3/8/2023 0:00,3/23/2023 0:00,84801,0,AIRSTREAM,AIRSTREAM,0,AIRSTREAM,3/23/2023 0:00,127507
1B9HUWH2XPJ311284,8864308,,LIT03,LITHIA RV,NEWRV,2023,INT 24GL,Other Mfg Company,3/28/2023 0:00,4/4/2023 0:00,197495,0,AIRSTREAM,AIRSTREAM,0,AIRSTREAM,4/4/2023 0:00,129626
1STVMAF14PJ567477,8864309,,LIT03,LITHIA RV,NEWRV,2023,22 BAMBI ,Other Mfg Company,3/28/2023 0:00,4/4/2023 0:00,54952,0,AIRSTREAM,AIRSTREAM,0,AIRSTREAM,4/4/2023 0:00,129629
1STJFYM21PJ567661,8864310,,LIT03,LITHIA RV,NEWRV,2023,28 POTTERY B,Other Mfg Company,3/28/2023 0:00,4/4/2023 0:00,127198,0,AIRSTREAM,AIRSTREAM,0,AIRSTREAM,4/4/2023 0:00,129619
1STJBYP24PJ567709,8864312,,LIT03,LITHIA RV,NEWRV,2023,30RB CLASSIC,Other Mfg Company,3/28/2023 0:00,4/4/2023 0:00,143625,0,AIRSTREAM,AIRSTREAM,0,AIRSTREAM,4/4/2023 0:00,129625
1STTNYJ28PJ567544,8864313,,LIT03,LITHIA RV,NEWRV,2023,25FB GLO,Other Mfg Company,3/28/2023 0:00,4/4/2023 0:00,99412,0,AIRSTREAM,AIRSTREAM,0,AIRSTREAM,4/4/2023 0:00,129621
1STTNYJ22PJ566552,8764605,,LIT03,LITHIA RV,NEWRV,2023,25FB GLO,Other Mfg Company,1/18/2023 0:00,1/31/2023 0:00,99764,0,AIRSTREAM,AIRSTREAM,0,AIRSTREAM,1/31/2023 0:00,122498
1SMG4DD27PJ208125,8706755,,LIT03,LITHIA RV,NEWRV,2023,BASECAMP 20,Other Mfg Company,10/26/2022 0:00,12/20/2022 0:00,49412,0,AIRSTREAM,AIRSTREAM,0,AIRSTREAM,12/20/2022 0:00,117399
1STX9YJ27PJ565645,9021704,,LIT04,LITHIA RV,NEWRV,2023,25RB FLYCLO,Other Mfg Company,,,86302,,,,0,AIRSTREAM,7/7/2023 0:00,
1STHMAC1XPJ568148,9019297,,LIT04,LITHIA RV,NEWRV,2023,16 BAMBI ,Other Mfg Company,,,47481,,,,0,AIRSTREAM,7/6/2023 0:00,
1STVBYT29PJ565087,8914802,,LIT04,LITHIA RV,NEWRV,2023,33FB CLASSIC,Other Mfg Company,,,157408,,,,0,AIRSTREAM,5/5/2023 0:00,
1SMG4DD25PJ208639,8921595,,LIT04,LITHIA RV,NEWRV,2023,BASECAMP 20,Other Mfg Company,,,52036,,,,0,AIRSTREAM,5/10/2023 0:00,
1SMG4DD27PJ208450,8846134,,LIT04,LITHIA RV,NEWRV,2023,BASECAMP 20,Other Mfg Company,,,52036,,,,0,AIRSTREAM,3/24/2023 0:00,
1STC9Y24PJ564328,8952980,,LIT04,LITHIA RV,NEWRV,2018,30FB OFFICE,Other Mfg Company,,,100029,,,,0,AIRSTREAM,5/30/2023 0:00,
1STJFYJ27PJ567250,8952990,,LIT04,LITHIA RV,NEWRV,2023,25FB INT,Other Mfg Company,,,95869,,,,0,AIRSTREAM,5/30/2023 0:00,
1STX9YJ25PJ567975,8911305,,LIT04,LITHIA RV,NEWRV,2023,25RB FLYC,Other Mfg Company,4/24/2023 0:00,5/3/2023 0:00,86339,0,AIRSTREAM,AIRSTREAM,0,AIRSTREAM,5/3/2023 0:00,132420
1STVMAF16PJ568064,8911306,,LIT04,LITHIA RV,NEWRV,2023,22FB CAR,Other Mfg Company,4/24/2023 0:00,5/3/2023 0:00,67306,0,AIRSTREAM,AIRSTREAM,0,AIRSTREAM,5/3/2023 0:00,132421
1STJFYJ24PJ568002,8911311,,LIT04,LITHIA RV,NEWRV,2023,25FB INT,Other Mfg Company,4/24/2023 0:00,5/3/2023 0:00,95517,0,AIRSTREAM,AIRSTREAM,0,AIRSTREAM,5/3/2023 0:00,132419
1STTFYL24PJ567888,8911312,,LIT04,LITHIA RV,NEWRV,2023,27FB INT,Other Mfg Company,4/19/2023 0:00,5/3/2023 0:00,101884,0,AIRSTREAM,AIRSTREAM,0,AIRSTREAM,5/3/2023 0:00,131663
1STCMAD15PJ567899,8911313,,LIT04,LITHIA RV,NEWRV,2023,20FB CAR,Other Mfg Company,4/19/2023 0:00,5/3/2023 0:00,64815,0,AIRSTREAM,AIRSTREAM,0,AIRSTREAM,5/3/2023 0:00,131660
1STJ9YM22PJ567885,8911314,,LIT04,LITHIA RV,NEWRV,2023,28 FC ,Other Mfg Company,4/19/2023 0:00,5/3/2023 0:00,92706,0,AIRSTREAM,AIRSTREAM,0,AIRSTREAM,5/3/2023 0:00,131659
1STJFYJ2XPJ569008,9024515,,LIT04,LITHIA RV,NEWRV,2023,25FB INT,Other Mfg Company,7/5/2023 0:00,7/10/2023 0:00,95517,0,AIRSTREAM,AIRSTREAM,0,AIRSTREAM,7/10/2023 0:00,138834
1B9GUWA20RJ307575,9024516,,LIT04,LITHIA RV,NEWRV,2024,INT 19,Other Mfg Company,7/5/2023 0:00,7/10/2023 0:00,195096,0,AIRSTREAM,AIRSTREAM,0,AIRSTREAM,7/10/2023 0:00,138830
1B9GUXE20RJ420264,9024517,,LIT04,LITHIA RV,NEWRV,2024,RANGELINE ,Other Mfg Company,7/5/2023 0:00,7/10/2023 0:00,125573,0,AIRSTREAM,AIRSTREAM,0,AIRSTREAM,7/10/2023 0:00,138831
1STTNYL25PJ568938,9024518,,LIT04,LITHIA RV,NEWRV,2023,27FB GLO ,Other Mfg Company,7/5/2023 0:00,7/10/2023 0:00,105704,0,AIRSTREAM,AIRSTREAM,0,AIRSTREAM,7/10/2023 0:00,138829
1STJFYJ24PJ567609,8864316,,LIT04,LITHIA RV,NEWRV,2023,25FB INT,Other Mfg Company,3/28/2023 0:00,4/4/2023 0:00,101073,0,AIRSTREAM,AIRSTREAM,0,AIRSTREAM,4/4/2023 0:00,129635
1STK9AG21PJ567593,8864317,,LIT04,LITHIA RV,NEWRV,2023,23FB FLC,Other Mfg Company,3/28/2023 0:00,4/4/2023 0:00,75049,0,AIRSTREAM,AIRSTREAM,0,AIRSTREAM,4/4/2023 0:00,129636
1STTNYL26PJ567605,8864318,,LIT04,LITHIA RV,NEWRV,2023,27FB GLO ,Other Mfg Company,3/28/2023 0:00,4/4/2023 0:00,105704,0,AIRSTREAM,AIRSTREAM,0,AIRSTREAM,4/4/2023 0:00,129634
1B9GUXE24PJ420121,8944390,,LIT04,LITHIA RV,NEWRV,2023,RANGELINE,Other Mfg Company,,,113169,,,,0,AIRSTREAM,5/23/2023 0:00,
1STTFYL2XPJ568060,8941458,,LIT04,LITHIA RV,NEWRV,2023,27FB INT,Other Mfg Company,,,107440,,,,0,AIRSTREAM,5/22/2023 0:00,
1STVMAF19PJ568558,8964590,,LIT04,LITHIA RV,NEWRV,2023,22FB CAR,Other Mfg Company,6/1/2023 0:00,6/5/2023 0:00,67658,0,AIRSTREAM,AIRSTREAM,0,AIRSTREAM,6/5/2023 0:00,136346
1STJ9YJ24PJ568542,8964591,,LIT04,LITHIA RV,NEWRV,2023,25FB FLYC,Other Mfg Company,6/1/2023 0:00,6/5/2023 0:00,86339,0,AIRSTREAM,AIRSTREAM,0,AIRSTREAM,6/5/2023 0:00,136343
1STCMAA13PJ568537,8964592,,LIT04,LITHIA RV,NEWRV,2023,19CB BAMBI ,Other Mfg Company,6/1/2023 0:00,6/5/2023 0:00,49971,0,AIRSTREAM,AIRSTREAM,0,AIRSTREAM,6/5/2023 0:00,136344
1SMG4DC15PJ208794,8881678,,LIT04,LITHIA RV,NEWRV,2023,BASECAMP 16,Other Mfg Company,4/5/2023 0:00,4/14/2023 0:00,50708,0,AIRSTREAM,AIRSTREAM,0,AIRSTREAM,4/14/2023 0:00,130556
1STT9YL23PJ567694,8881681,,LIT04,LITHIA RV,NEWRV,2023,27FB FLYC,Other Mfg Company,4/5/2023 0:00,4/14/2023 0:00,97910,0,AIRSTREAM,AIRSTREAM,0,AIRSTREAM,4/14/2023 0:00,130550
1SMG4DD23PJ208753,8997464,,LIT04,LITHIA RV,NEWRV,2023,BASECAMP 20,Other Mfg Company,5/24/2023 0:00,6/22/2023 0:00,52036,0,AIRSTREAM,AIRSTREAM,0,AIRSTREAM,6/22/2023 0:00,135809
1STC9YP24PJ568461,8997465,,LIT04,LITHIA RV,NEWRV,2023,30FB FLC BUNK,Other Mfg Company,5/24/2023 0:00,6/22/2023 0:00,98077,0,AIRSTREAM,AIRSTREAM,0,AIRSTREAM,6/22/2023 0:00,135801
1STT9YL21PJ568097,8942059,,LIT04,LITHIA RV,NEWRV,2023,27FB FLYC,Other Mfg Company,5/3/2023 0:00,5/22/2023 0:00,102021,0,AIRSTREAM,AIRSTREAM,0,AIRSTREAM,5/22/2023 0:00,133565
1STTNYJ23PJ568147,8942060,,LIT04,LITHIA RV,NEWRV,2023,25FB GLO,Other Mfg Company,5/3/2023 0:00,5/22/2023 0:00,99412,0,AIRSTREAM,AIRSTREAM,0,AIRSTREAM,5/22/2023 0:00,133562
1B9GUWH25PJ308112,8942058,,LIT04,LITHIA RV,NEWRV,2023,INT 24GT,Other Mfg Company,5/3/2023 0:00,5/22/2023 0:00,198755,0,AIRSTREAM,AIRSTREAM,0,AIRSTREAM,5/22/2023 0:00,133571
1STHMAC17PJ568155,8942061,,LIT04,LITHIA RV,NEWRV,2023,16RB CAR ,Other Mfg Company,5/3/2023 0:00,5/22/2023 0:00,59834,0,AIRSTREAM,AIRSTREAM,0,AIRSTREAM,5/22/2023 0:00,133563
1STJFYP27PJ568079,8942062,,LIT04,LITHIA RV,NEWRV,2023,30RB INT,Other Mfg Company,5/3/2023 0:00,5/22/2023 0:00,105647,0,AIRSTREAM,AIRSTREAM,0,AIRSTREAM,5/22/2023 0:00,133566
1STT9YL25PJ568152,8942064,,LIT04,LITHIA RV,NEWRV,2023,27FB FLYC,Other Mfg Company,5/3/2023 0:00,5/22/2023 0:00,97910,0,AIRSTREAM,AIRSTREAM,0,AIRSTREAM,5/22/2023 0:00,133568
1SMG4DD24PJ208695,8942065,,LIT04,LITHIA RV,NEWRV,2023,BASECAMP 20,Other Mfg Company,5/3/2023 0:00,5/22/2023 0:00,52036,0,AIRSTREAM,AIRSTREAM,0,AIRSTREAM,5/22/2023 0:00,133573
1STK9AG20PJ568072,8942066,,LIT04,LITHIA RV,NEWRV,2023,23FB FLC,Other Mfg Company,5/3/2023 0:00,5/22/2023 0:00,74697,0,AIRSTREAM,AIRSTREAM,0,AIRSTREAM,5/22/2023 0:00,133570
1B9GUWH26PJ311052,8942067,,LIT04,LITHIA RV,NEWRV,2023,INT 24X,Other Mfg Company,5/3/2023 0:00,5/22/2023 0:00,198227,0,AIRSTREAM,AIRSTREAM,0,AIRSTREAM,5/22/2023 0:00,133574
1STCMAA14PJ568255,8942055,,LIT04,LITHIA RV,NEWRV,2023,19CB CAR,Other Mfg Company,5/10/2023 0:00,5/22/2023 0:00,62677,0,AIRSTREAM,AIRSTREAM,0,AIRSTREAM,5/22/2023 0:00,134110
1STJNYP21PJ568257,8942056,,LIT04,LITHIA RV,NEWRV,2023,30RB GLO ,Other Mfg Company,5/10/2023 0:00,5/22/2023 0:00,112614,0,AIRSTREAM,AIRSTREAM,0,AIRSTREAM,5/22/2023 0:00,134114
1STHMAC19PJ568271,8942057,,LIT04,LITHIA RV,NEWRV,2023,16 BAMBI ,Other Mfg Company,5/10/2023 0:00,5/22/2023 0:00,47481,0,AIRSTREAM,AIRSTREAM,0,AIRSTREAM,5/22/2023 0:00,134109
1STX9YJ21PJ567262,8844484,,LIT04,LITHIA RV,NEWRV,2023,25RB FLYCLO,Other Mfg Company,3/8/2023 0:00,3/23/2023 0:00,86283,0,AIRSTREAM,AIRSTREAM,0,AIRSTREAM,3/23/2023 0:00,127511
1B9GUXE29RJ420182,9043888,,LIT04,LITHIA RV,NEWRV,2024,RANGELINE ,Other Mfg Company,,,125236,,,,0,AIRSTREAM,7/21/2023 0:00,
1B9GUXE22RJ420217,8942053,,LIT04,LITHIA RV,NEWRV,2024,RANGELINE ,Other Mfg Company,5/17/2023 0:00,5/22/2023 0:00,125236,0,AIRSTREAM,AIRSTREAM,0,AIRSTREAM,5/22/2023 0:00,134801
1B9GUWH26PJ310600,8942052,,LIT04,LITHIA RV,NEWRV,2023,INT 24X,Other Mfg Company,5/17/2023 0:00,5/22/2023 0:00,199078,0,AIRSTREAM,AIRSTREAM,0,AIRSTREAM,5/22/2023 0:00,134799
1STKFAG27PJ568062,8938709,,LIT04,LITHIA RV,NEWRV,2023,23FB INT,Other Mfg Company,,,84449,,,,0,AIRSTREAM,5/19/2023 0:00,
1STHMAC11PJ567695,8881682,,LIT04,LITHIA RV,NEWRV,2023,16 BAMBI ,Other Mfg Company,4/5/2023 0:00,4/14/2023 0:00,47481,0,AIRSTREAM,AIRSTREAM,0,AIRSTREAM,4/14/2023 0:00,130551
1SMG4DD20PJ208774,8964593,,LIT04,LITHIA RV,NEWRV,2023,BASECAMP 20,Other Mfg Company,6/1/2023 0:00,6/5/2023 0:00,52036,0,AIRSTREAM,AIRSTREAM,0,AIRSTREAM,6/5/2023 0:00,136345
1SMG4DD29PJ208756,8997466,,LIT04,LITHIA RV,NEWRV,2023,BASECAMP 20,Other Mfg Company,5/24/2023 0:00,6/22/2023 0:00,52036,0,AIRSTREAM,AIRSTREAM,0,AIRSTREAM,6/22/2023 0:00,135803
1B9GUWX22PJ420084,8721364,,LIT04,LITHIA RV,NEWRV,2023,RANGELINE,Other Mfg Company,12/14/2022 0:00,12/30/2022 0:00,104174,0,AIRSTREAM,AIRSTREAM,0,AIRSTREAM,12/30/2022 0:00,120520
1STJ9Y2XPJ565919,8721368,,LIT04,LITHIA RV,NEWRV,2018,25FB FLYCLO,Other Mfg Company,12/7/2022 0:00,12/30/2022 0:00,86006,0,AIRSTREAM,AIRSTREAM,0,AIRSTREAM,12/30/2022 0:00,120096
1B9GUWH23PJ310473,8721369,,LIT04,LITHIA RV,NEWRV,2023,INTERSTATE 24X,Other Mfg Company,12/7/2022 0:00,12/30/2022 0:00,198227,0,AIRSTREAM,AIRSTREAM,0,AIRSTREAM,12/30/2022 0:00,120099
1STT9YL26PJ565955,8721372,,LIT04,LITHIA RV,NEWRV,2023,27FB FLYCLO,Other Mfg Company,12/7/2022 0:00,12/30/2022 0:00,92021,0,AIRSTREAM,AIRSTREAM,0,AIRSTREAM,12/30/2022 0:00,120095
1STJFYP2XPJ566214,8721377,,LIT04,LITHIA RV,NEWRV,2023,30RB INT,Other Mfg Company,11/18/2022 0:00,12/30/2022 0:00,107925,0,AIRSTREAM,AIRSTREAM,0,AIRSTREAM,12/30/2022 0:00,118889
1STTNYJ25PJ566643,9043885,,LIT04,LITHIA RV,NEWRV,2023,25FB GLO,Other Mfg Company,,,99764,,,,0,AIRSTREAM,7/21/2023 0:00,
1STC9YP27PJ568695,9010223,,LIT04,LITHIA RV,NEWRV,2023,30FB FLC BUNK,Other Mfg Company,6/27/2023 0:00,6/29/2023 0:00,98077,0,AIRSTREAM,AIRSTREAM,0,AIRSTREAM,6/29/2023 0:00,138411
1STCMAA16PJ567897,9043886,,LIT04,LITHIA RV,NEWRV,2023,19CB BAMBI ,Other Mfg Company,,,49971,,,,0,AIRSTREAM,7/21/2023 0:00,
1STKFAG24PJ568441,8997463,,LIT04,LITHIA RV,NEWRV,2023,23FB INT,Other Mfg Company,5/24/2023 0:00,6/22/2023 0:00,84801,0,AIRSTREAM,AIRSTREAM,0,AIRSTREAM,6/22/2023 0:00,135808
1STCMAD15PJ566381,8890632,,LIT04,LITHIA RV,NEWRV,2023,20FB CARAVEL ,Other Mfg Company,,,65167,,,,0,AIRSTREAM,4/20/2023 0:00,
1B9KUWH22PJ308160,9000019,,LIT04,LITHIA RV,NEWRV,2023,ATLAS ,Other Mfg Company,6/16/2023 0:00,6/23/2023 0:00,225708,0,AIRSTREAM,AIRSTREAM,0,AIRSTREAM,6/23/2023 0:00,137842
1STK9AG23PJ568812,9000020,,LIT04,LITHIA RV,NEWRV,2023,23FB FLC,Other Mfg Company,6/21/2023 0:00,6/23/2023 0:00,74697,0,AIRSTREAM,AIRSTREAM,0,AIRSTREAM,6/23/2023 0:00,137844
1STJBYP20PJ568646,9000021,,LIT04,LITHIA RV,NEWRV,2023,30RB CLASSIC,Other Mfg Company,6/21/2023 0:00,6/23/2023 0:00,143625,0,AIRSTREAM,AIRSTREAM,0,AIRSTREAM,6/23/2023 0:00,137845
1STVMAF16PJ568839,9000022,,LIT04,LITHIA RV,NEWRV,2023,22 BAMBI ,Other Mfg Company,6/21/2023 0:00,6/23/2023 0:00,54952,0,AIRSTREAM,AIRSTREAM,0,AIRSTREAM,6/23/2023 0:00,137840
1B9GUXE23RJ420260,8980073,,LIT04,LITHIA RV,NEWRV,2024,RANGELINE ,Other Mfg Company,6/8/2023 0:00,6/13/2023 0:00,116241,0,AIRSTREAM,AIRSTREAM,0,AIRSTREAM,6/13/2023 0:00,137016
1STTNYL24PJ568641,8980074,,LIT04,LITHIA RV,NEWRV,2023,27FB GLO ,Other Mfg Company,6/8/2023 0:00,6/13/2023 0:00,105704,0,AIRSTREAM,AIRSTREAM,0,AIRSTREAM,6/13/2023 0:00,137020
1STT9YL29PJ566825,8815124,,LIT04,LITHIA RV,NEWRV,2023,27FB FLYCLO,Other Mfg Company,2/8/2023 0:00,3/6/2023 0:00,92354,0,AIRSTREAM,AIRSTREAM,0,AIRSTREAM,3/6/2023 0:00,124626
1STTFYL23PJ567171,8815099,,LIT04,LITHIA RV,NEWRV,2023,27FB INT,Other Mfg Company,3/1/2023 0:00,3/6/2023 0:00,101884,0,AIRSTREAM,AIRSTREAM,0,AIRSTREAM,3/6/2023 0:00,127143
1SMG4DC14PJ208513,8815126,,LIT04,LITHIA RV,NEWRV,2023,BASECAMP 16,Other Mfg Company,2/1/2023 0:00,3/6/2023 0:00,51323,0,AIRSTREAM,AIRSTREAM,0,AIRSTREAM,3/6/2023 0:00,124089
1STKFAG25PJ566732,8815127,,LIT04,LITHIA RV,NEWRV,2023,23 INT,Other Mfg Company,2/1/2023 0:00,3/6/2023 0:00,84801,0,AIRSTREAM,AIRSTREAM,0,AIRSTREAM,3/6/2023 0:00,124090
1B9GUWH25PJ310586,8815112,,LIT04,LITHIA RV,NEWRV,2023,INTERSTATE 24GT,Other Mfg Company,2/15/2023 0:00,3/6/2023 0:00,199606,0,AIRSTREAM,AIRSTREAM,0,AIRSTREAM,3/6/2023 0:00,125326
1STTFYL21PJ566911,8815114,,LIT04,LITHIA RV,NEWRV,2023,27FB INT,Other Mfg Company,2/15/2023 0:00,3/6/2023 0:00,107440,0,AIRSTREAM,AIRSTREAM,0,AIRSTREAM,3/6/2023 0:00,125321
1STJFYJ25PJ566999,8815115,,LIT04,LITHIA RV,NEWRV,2023,25FB INT,Other Mfg Company,2/15/2023 0:00,3/6/2023 0:00,95869,0,AIRSTREAM,AIRSTREAM,0,AIRSTREAM,3/6/2023 0:00,125323
1STJFYM26PJ567347,8844480,,LIT04,LITHIA RV,NEWRV,2023,28RB POTTERY,Other Mfg Company,3/15/2023 0:00,3/23/2023 0:00,127198,0,AIRSTREAM,AIRSTREAM,0,AIRSTREAM,3/23/2023 0:00,128405
1B9HUWH28PJ310943,8844483,,LIT04,LITHIA RV,NEWRV,2023,INTERSTATE 24GL,Other Mfg Company,3/15/2023 0:00,3/23/2023 0:00,193606,0,AIRSTREAM,AIRSTREAM,0,AIRSTREAM,3/23/2023 0:00,128403
1STJNP24PJ567166,8844488,,LIT04,LITHIA RV,NEWRV,2023,30RB GLOBE,Other Mfg Company,3/8/2023 0:00,3/23/2023 0:00,112614,0,AIRSTREAM,AIRSTREAM,0,AIRSTREAM,3/23/2023 0:00,127510
1STJFYP29PJ566639,8764617,,LIT04,LITHIA RV,NEWRV,2023,30RB INT,Other Mfg Company,1/26/2023 0:00,1/31/2023 0:00,105647,0,AIRSTREAM,AIRSTREAM,0,AIRSTREAM,1/31/2023 0:00,123240
1STJ9YJ24PJ566385,8764629,,LIT04,LITHIA RV,NEWRV,2023,25FB FLYCLO,Other Mfg Company,1/4/2023 0:00,1/31/2023 0:00,86339,0,AIRSTREAM,AIRSTREAM,0,AIRSTREAM,1/31/2023 0:00,121793
1STT9YL21PJ566656,8764608,,LIT04,LITHIA RV,NEWRV,2023,27FB FLYCLO,Other Mfg Company,1/26/2023 0:00,1/31/2023 0:00,102373,0,AIRSTREAM,AIRSTREAM,0,AIRSTREAM,1/31/2023 0:00,123244
1STXFYJ26PJ566634,8764609,,LIT04,LITHIA RV,NEWRV,2023,25RB INT,Other Mfg Company,1/26/2023 0:00,1/31/2023 0:00,95517,0,AIRSTREAM,AIRSTREAM,0,AIRSTREAM,1/31/2023 0:00,123236
1STTNYJ23PJ565409,8706784,,LIT04,LITHIA RV,NEWRV,2023,25FB GLO,Other Mfg Company,10/26/2022 0:00,12/20/2022 0:00,99764,0,AIRSTREAM,AIRSTREAM,0,AIRSTREAM,12/20/2022 0:00,117403
1STJ9YP27PJ569319,9033410,,LIT04,LITHIA RV,NEWRV,2023,30RB FLYC,Other Mfg Company,7/13/2023 0:00,7/14/2023 0:00,96377,0,AIRSTREAM,AIRSTREAM,0,AIRSTREAM,7/14/2023 0:00,139283
1STJFYM25PJ565024,9032763,,LIT05,LITHIA RV,NEWRV,2023,28RB POTTERY,Other Mfg Company,,,126846,,,,0,AIRSTREAM,7/14/2023 0:00,
1B9GUXE24RJ420283,9024520,,LIT05,LITHIA RV,NEWRV,2024,RANGELINE ,Other Mfg Company,7/5/2023 0:00,7/10/2023 0:00,125573,0,AIRSTREAM,AIRSTREAM,0,AIRSTREAM,7/10/2023 0:00,138837
1STJFYM20PJ568459,9024349,,LIT05,LITHIA RV,NEWRV,2023,28 POTTERY B,Other Mfg Company,,,127198,,,,0,AIRSTREAM,7/10/2023 0:00,
1B9GUXE20RJ420197,9024523,,LIT05,LITHIA RV,NEWRV,2024,RANGELINE ,Other Mfg Company,5/24/2023 0:00,7/10/2023 0:00,125236,0,AIRSTREAM,AIRSTREAM,0,AIRSTREAM,7/10/2023 0:00,135805
1STJFYM28PJ568368,9024524,,LIT05,LITHIA RV,NEWRV,2023,28 POTTERY B,Other Mfg Company,5/24/2023 0:00,7/10/2023 0:00,126846,0,AIRSTREAM,AIRSTREAM,0,AIRSTREAM,7/10/2023 0:00,135806
1STJFYJ27PJ566647,8764636,,LIT05,LITHIA RV,NEWRV,2023,25FB INT,Other Mfg Company,1/26/2023 0:00,1/31/2023 0:00,95869,0,AIRSTREAM,AIRSTREAM,0,AIRSTREAM,1/31/2023 0:00,123246
1STJ9YM2XPJ566659,8764637,,LIT05,LITHIA RV,NEWRV,2023,28RB FLYCL,Other Mfg Company,1/26/2023 0:00,1/31/2023 0:00,91076,0,AIRSTREAM,AIRSTREAM,0,AIRSTREAM,1/31/2023 0:00,123248
1STVMAF12PJ565727,8706800,,LIT05,LITHIA RV,NEWRV,2023,22FB CARAVEL,Other Mfg Company,11/18/2022 0:00,12/20/2022 0:00,67399,0,AIRSTREAM,AIRSTREAM,0,AIRSTREAM,12/20/2022 0:00,118892
1STCMAA10PJ567877,8911315,,LIT05,LITHIA RV,NEWRV,2023,19CB CAR,Other Mfg Company,4/19/2023 0:00,5/3/2023 0:00,62325,0,AIRSTREAM,AIRSTREAM,0,AIRSTREAM,5/3/2023 0:00,131661
1B9GUWA29RJ308904,9024519,,LIT05,LITHIA RV,NEWRV,2024,INT 19,Other Mfg Company,7/5/2023 0:00,7/10/2023 0:00,195096,0,AIRSTREAM,AIRSTREAM,0,AIRSTREAM,7/10/2023 0:00,138836
1SMG4DD26PJ208603,8864319,,LIT05,LITHIA RV,NEWRV,2023,BASECAMP 20,Other Mfg Company,3/28/2023 0:00,4/4/2023 0:00,52036,0,AIRSTREAM,AIRSTREAM,0,AIRSTREAM,4/4/2023 0:00,129638
1STVBYT2XPJ568032,8881684,,LIT05,LITHIA RV,NEWRV,2023,33FB CLASSIC,Other Mfg Company,4/12/2023 0:00,4/14/2023 0:00,157408,0,AIRSTREAM,AIRSTREAM,0,AIRSTREAM,4/14/2023 0:00,131009
1STT9YL29PJ567778,8881683,,LIT05,LITHIA RV,NEWRV,2023,27FB FLYC,Other Mfg Company,4/12/2023 0:00,4/14/2023 0:00,92354,0,AIRSTREAM,AIRSTREAM,0,AIRSTREAM,4/14/2023 0:00,131006
1STTNYJ20PJ566985,8844506,,LIT05,LITHIA RV,NEWRV,2023,25FB GLO,Other Mfg Company,2/15/2023 0:00,3/23/2023 0:00,99765,0,AIRSTREAM,AIRSTREAM,0,AIRSTREAM,3/23/2023 0:00,125329
1STHMAC12PJ566734,8844512,,LIT05,LITHIA RV,NEWRV,2023,16RB BAMBI,Other Mfg Company,2/1/2023 0:00,3/23/2023 0:00,47481,0,AIRSTREAM,AIRSTREAM,0,AIRSTREAM,3/23/2023 0:00,124093
1SMG4DC12PJ208834,8942070,,LIT05,LITHIA RV,NEWRV,2023,BASECAMP 16,Other Mfg Company,5/10/2023 0:00,5/22/2023 0:00,50708,0,AIRSTREAM,AIRSTREAM,0,AIRSTREAM,5/22/2023 0:00,134135
1B9GUXE24RJ420218,8942069,,LIT05,LITHIA RV,NEWRV,2024,RANGELINE ,Other Mfg Company,5/18/2023 0:00,5/22/2023 0:00,125236,0,AIRSTREAM,AIRSTREAM,0,AIRSTREAM,5/22/2023 0:00,134808
1STHMAC10PJ568238,8942071,,LIT05,LITHIA RV,NEWRV,2023,16 BAMBI ,Other Mfg Company,5/10/2023 0:00,5/22/2023 0:00,47481,0,AIRSTREAM,AIRSTREAM,0,AIRSTREAM,5/22/2023 0:00,134132
1STK9AG27PJ568151,8942072,,LIT05,LITHIA RV,NEWRV,2023,23FB FLC,Other Mfg Company,5/3/2023 0:00,5/22/2023 0:00,74697,0,AIRSTREAM,AIRSTREAM,0,AIRSTREAM,5/22/2023 0:00,133567
1STJFYJ26PJ568678,9043890,,LIT05,LITHIA RV,NEWRV,2023,25FB FLYC,Other Mfg Company,,,103351,,,,0,AIRSTREAM,7/21/2023 0:00,
1STTNYL2XPJ565517,8959031,,LIT05,LITHIA RV,NEWRV,2023,27FB GLOBE,Other Mfg Company,,,107630,,,,0,AIRSTREAM,6/1/2023 0:00,
1STTNYL29PJ567789,9044243,,LIT05,LITHIA RV,NEWRV,2023,27FB GLO ,Other Mfg Company,,,105704,,,,0,AIRSTREAM,7/21/2023 0:00,
1STJ9YJ2XPJ566309,9044246,,LIT05,LITHIA RV,NEWRV,2023,25FB FLYCLO,Other Mfg Company,,,86339,,,,0,AIRSTREAM,7/21/2023 0:00,
1STJNYP28PJ568515,8964595,,LIT05,LITHIA RV,NEWRV,2023,30RB GLO ,Other Mfg Company,6/1/2023 0:00,6/5/2023 0:00,112614,0,AIRSTREAM,AIRSTREAM,0,AIRSTREAM,6/5/2023 0:00,136349
1STTFYL23PJ566294,8721387,,LIT05,LITHIA RV,NEWRV,2023,27FB INT,Other Mfg Company,12/21/2022 0:00,12/30/2022 0:00,109366,0,AIRSTREAM,AIRSTREAM,0,AIRSTREAM,12/30/2022 0:00,121324
1STTNYJ21PJ565960,8721388,,LIT05,LITHIA RV,NEWRV,2023,25FB GLO,Other Mfg Company,12/14/2022 0:00,12/30/2022 0:00,101690,0,AIRSTREAM,AIRSTREAM,0,AIRSTREAM,12/30/2022 0:00,120522
1STJ9YJ27PJ566025,8721389,,LIT05,LITHIA RV,NEWRV,2023,25FB FLYCLO,Other Mfg Company,12/14/2022 0:00,12/30/2022 0:00,86006,0,AIRSTREAM,AIRSTREAM,0,AIRSTREAM,12/30/2022 0:00,120521
1STKFAG29PJ565888,8721391,,LIT05,LITHIA RV,NEWRV,2023,23 INT,Other Mfg Company,12/7/2022 0:00,12/30/2022 0:00,84801,0,AIRSTREAM,AIRSTREAM,0,AIRSTREAM,12/30/2022 0:00,120103
1STJFYM27PJ564053,8721395,,LIT05,LITHIA RV,NEWRV,2023,28RB POTTERY,Other Mfg Company,12/1/2022 0:00,12/30/2022 0:00,126846,0,AIRSTREAM,AIRSTREAM,0,AIRSTREAM,12/30/2022 0:00,119667
1STTNYJ22PJ565207,8721399,,LIT05,LITHIA RV,NEWRV,2023,25FB GLO,Other Mfg Company,10/13/2022 0:00,12/30/2022 0:00,99764,0,AIRSTREAM,AIRSTREAM,0,AIRSTREAM,12/30/2022 0:00,116446
1STHMAC12PJ565549,8632904,,LIT05,LITHIA RV,NEWRV,2023,16RB CARAVEL,Other Mfg Company,11/2/2022 0:00,11/3/2022 0:00,60760,0,AIRSTREAM,AIRSTREAM,0,AIRSTREAM,11/3/2022 0:00,117885
1SMG4DD2XPJ208166,8632906,,LIT05,LITHIA RV,NEWRV,2023,BASECAMP 20,Other Mfg Company,11/2/2022 0:00,11/3/2022 0:00,52036,0,AIRSTREAM,AIRSTREAM,0,AIRSTREAM,11/3/2022 0:00,117884
1B9GUWA20PJ311316,8979926,,LIT05,LITHIA RV,NEWRV,2023,INT 19,Other Mfg Company,,,186356,,,,0,AIRSTREAM,6/13/2023 0:00,
1STJ9YJ29PJ568651,8980075,,LIT05,LITHIA RV,NEWRV,2023,25FB FLYC,Other Mfg Company,6/8/2023 0:00,6/13/2023 0:00,85987,0,AIRSTREAM,AIRSTREAM,0,AIRSTREAM,6/13/2023 0:00,137024
1SMG4DD2XPJ207986,8595329,,LIT05,LITHIA RV,NEWRV,2023,BASECAMP 20,Other Mfg Company,10/5/2022 0:00,10/11/2022 0:00,51851,0,AIRSTREAM,AIRSTREAM,0,AIRSTREAM,10/11/2022 0:00,115863
1STJ9YJ20PJ564925,8595330,,LIT05,LITHIA RV,NEWRV,2023,25FB FLYCLO,Other Mfg Company,10/4/2022 0:00,10/11/2022 0:00,85154,0,AIRSTREAM,AIRSTREAM,0,AIRSTREAM,10/11/2022 0:00,115862
NJ310692,8584400,,LIT05,LITHIA RV,NEWRV,2022,INT 19,Other Mfg Company,,,142633,,AIRSTREAM,AIRSTREAM,0,AIRSTREAM,10/3/2022 0:00,
1STC9YP22PJ567034,8993990,,LIT05,LITHIA RV,NEWRV,2023,30FB FLYCLO BUNK,Other Mfg Company,,,98077,,,,0,AIRSTREAM,6/21/2023 0:00,
1STTNYJ29PJ565964,8706798,,LIT05,LITHIA RV,NEWRV,2023,25FB GLO,Other Mfg Company,12/14/2022 0:00,12/20/2022 0:00,99764,0,AIRSTREAM,AIRSTREAM,0,AIRSTREAM,12/20/2022 0:00,120524
1SMG4DD24PJ208227,8706802,,LIT05,LITHIA RV,NEWRV,2023,BASECAMP 20,Other Mfg Company,11/17/2022 0:00,12/20/2022 0:00,52036,0,AIRSTREAM,AIRSTREAM,0,AIRSTREAM,12/20/2022 0:00,118821
1SMG4DD24PJ208101,8706813,,LIT05,LITHIA RV,NEWRV,2023,BASECAMP 20,Other Mfg Company,10/19/2022 0:00,12/20/2022 0:00,52036,0,AIRSTREAM,AIRSTREAM,0,AIRSTREAM,12/20/2022 0:00,116802
1STJ9YJ20PJ567078,8844497,,LIT05,LITHIA RV,NEWRV,2023,25FB FLYCLO,Other Mfg Company,3/1/2023 0:00,3/23/2023 0:00,86339,0,AIRSTREAM,AIRSTREAM,0,AIRSTREAM,3/23/2023 0:00,127147
1B9HUWH23PJ310414,8844502,,LIT05,LITHIA RV,NEWRV,2023,INTERSTATE 24GL,Other Mfg Company,2/15/2023 0:00,3/23/2023 0:00,198755,0,AIRSTREAM,AIRSTREAM,0,AIRSTREAM,3/23/2023 0:00,125332
1SMG4DC10PJ208525,8844510,,LIT05,LITHIA RV,NEWRV,2023,BASECAMP 16,Other Mfg Company,2/8/2023 0:00,3/23/2023 0:00,51323,0,AIRSTREAM,AIRSTREAM,0,AIRSTREAM,3/23/2023 0:00,124632
1STJNYP20PJ566824,8844511,,LIT05,LITHIA RV,NEWRV,2023,30RB GLOBE,Other Mfg Company,2/8/2023 0:00,3/23/2023 0:00,112614,0,AIRSTREAM,AIRSTREAM,0,AIRSTREAM,3/23/2023 0:00,124630
1STVMAF14PJ567172,8844499,,LIT05,LITHIA RV,NEWRV,2023,22FB BAMBI,Other Mfg Company,3/1/2023 0:00,3/23/2023 0:00,56508,0,AIRSTREAM,AIRSTREAM,0,AIRSTREAM,3/23/2023 0:00,127148
1SMG4DD23PJ208543,8844501,,LIT05,LITHIA RV,NEWRV,2023,BASECAMP 20,Other Mfg Company,2/22/2023 0:00,3/23/2023 0:00,52036,0,AIRSTREAM,AIRSTREAM,0,AIRSTREAM,3/23/2023 0:00,126449
1STVMAF19PJ567359,8844493,,LIT05,LITHIA RV,NEWRV,2023,22FB CARAVEL,Other Mfg Company,3/15/2023 0:00,3/23/2023 0:00,67658,0,AIRSTREAM,AIRSTREAM,0,AIRSTREAM,3/23/2023 0:00,128408
1STVBYT26PJ567282,8844495,,LIT05,LITHIA RV,NEWRV,2023,33FB CLASSIC,Other Mfg Company,3/8/2023 0:00,3/23/2023 0:00,157408,0,AIRSTREAM,AIRSTREAM,0,AIRSTREAM,3/23/2023 0:00,127514
1B9GUWA28PJ310916,8870730,,LIT05,LITHIA RV,NEWRV,2023,INTERSTATE 19,Other Mfg Company,,,167356,,,,0,AIRSTREAM,4/7/2023 0:00,
1STK9AG26PJ566391,8764644,,LIT05,LITHIA RV,NEWRV,2023,23FB FLYCLO,Other Mfg Company,1/4/2023 0:00,1/31/2023 0:00,75049,0,AIRSTREAM,AIRSTREAM,0,AIRSTREAM,1/31/2023 0:00,121798
1STHMAC15PJ565643,8706806,,LIT05,LITHIA RV,NEWRV,2023,16RB CARAVEL,Other Mfg Company,11/9/2022 0:00,12/20/2022 0:00,60760,0,AIRSTREAM,AIRSTREAM,0,AIRSTREAM,12/20/2022 0:00,118311
1B9GUWA27PJ310423,8706808,,LIT05,LITHIA RV,NEWRV,2023,INTERSTATE 19,Other Mfg Company,11/9/2022 0:00,12/20/2022 0:00,168207,0,AIRSTREAM,AIRSTREAM,0,AIRSTREAM,12/20/2022 0:00,118306
1STHMAC16PJ565652,8706807,,LIT05,LITHIA RV,NEWRV,2023,16RB CARAVEL,Other Mfg Company,11/9/2022 0:00,12/20/2022 0:00,60760,0,AIRSTREAM,AIRSTREAM,0,AIRSTREAM,12/20/2022 0:00,118309
1SMG4DD29PJ208188,8706809,,LIT05,LITHIA RV,NEWRV,2023,BASECAMP 20,Other Mfg Company,11/9/2022 0:00,12/20/2022 0:00,52036,0,AIRSTREAM,AIRSTREAM,0,AIRSTREAM,12/20/2022 0:00,118310
1B9GUXE24RJ420249,9024525,,LIT06,LITHIA RV,NEWRV,2024,RANGELINE ,Other Mfg Company,7/5/2023 0:00,7/10/2023 0:00,125573,0,AIRSTREAM,AIRSTREAM,0,AIRSTREAM,7/10/2023 0:00,138827
1STK9AG2XPJ566815,8815140,,LIT06,LITHIA RV,NEWRV,2023,23FB FLYCLO,Other Mfg Company,2/8/2023 0:00,3/6/2023 0:00,75049,0,AIRSTREAM,AIRSTREAM,0,AIRSTREAM,3/6/2023 0:00,124633
1B9GUWH21PJ310455,9041256,,LIT06,LITHIA RV,NEWRV,2023,INTERSTATE 24X,Other Mfg Company,,,192227,,,,0,AIRSTREAM,7/20/2023 0:00,
1STK9AG25PJ568066,8911316,,LIT06,LITHIA RV,NEWRV,2023,23FB FLC,Other Mfg Company,4/24/2023 0:00,5/3/2023 0:00,75049,0,AIRSTREAM,AIRSTREAM,0,AIRSTREAM,5/3/2023 0:00,132425
1STCMAA18PJ567996,8911317,,LIT06,LITHIA RV,NEWRV,2023,19CB CAR,Other Mfg Company,4/24/2023 0:00,5/3/2023 0:00,62677,0,AIRSTREAM,AIRSTREAM,0,AIRSTREAM,5/3/2023 0:00,132422
1STJ9YJ24PJ565429,8708885,,LIT06,LITHIA RV,NEWRV,2023,25FB FLYCLO,Other Mfg Company,10/26/2022 0:00,12/21/2022 0:00,86006,0,AIRSTREAM,AIRSTREAM,0,AIRSTREAM,12/21/2022 0:00,117411
1STTNYJ25PJ567260,8844521,,LIT06,LITHIA RV,NEWRV,2023,25FB GLO,Other Mfg Company,3/15/2023 0:00,3/23/2023 0:00,99764,0,AIRSTREAM,AIRSTREAM,0,AIRSTREAM,3/23/2023 0:00,128413
1STCMAD18PJ567346,8844522,,LIT06,LITHIA RV,NEWRV,2023,20FB CARAVEL ,Other Mfg Company,3/15/2023 0:00,3/23/2023 0:00,65167,0,AIRSTREAM,AIRSTREAM,0,AIRSTREAM,3/23/2023 0:00,128410
1B9HUWH24PJ310888,8844523,,LIT06,LITHIA RV,NEWRV,2023,INTERSTATE 24GL,Other Mfg Company,3/8/2023 0:00,3/23/2023 0:00,199606,0,AIRSTREAM,AIRSTREAM,0,AIRSTREAM,3/23/2023 0:00,127517
1STJ9YP22PJ568241,8942076,,LIT06,LITHIA RV,NEWRV,2023,30RB FLYC,Other Mfg Company,5/10/2023 0:00,5/22/2023 0:00,96377,0,AIRSTREAM,AIRSTREAM,0,AIRSTREAM,5/22/2023 0:00,134108
1SMG4DD25PJ208737,8942074,,LIT06,LITHIA RV,NEWRV,2023,BASECAMP 20,Other Mfg Company,5/17/2023 0:00,5/22/2023 0:00,52036,0,AIRSTREAM,AIRSTREAM,0,AIRSTREAM,5/22/2023 0:00,134803
1B9GUWA21PJ311311,8942075,,LIT06,LITHIA RV,NEWRV,2023,INT 19,Other Mfg Company,5/10/2023 0:00,5/22/2023 0:00,167356,0,AIRSTREAM,AIRSTREAM,0,AIRSTREAM,5/22/2023 0:00,134111
1SMG4DD25PJ208205,8959029,,LIT06,LITHIA RV,NEWRV,2023,BASECAMP 20,Other Mfg Company,,,52036,,,,0,AIRSTREAM,6/1/2023 0:00,
1STKFAG20PJ567772,8881686,,LIT06,LITHIA RV,NEWRV,2023,23FB INT,Other Mfg Company,4/12/2023 0:00,4/14/2023 0:00,84801,0,AIRSTREAM,AIRSTREAM,0,AIRSTREAM,4/14/2023 0:00,131005
1STHMAC16PJ568745,8997467,,LIT06,LITHIA RV,NEWRV,2023,16RB CAR ,Other Mfg Company,6/14/2023 0:00,6/22/2023 0:00,59834,0,AIRSTREAM,AIRSTREAM,0,AIRSTREAM,6/22/2023 0:00,137508
1STCMAD13PJ566007,8721381,,LIT06,LITHIA RV,NEWRV,2023,20FB CARAVEL ,Other Mfg Company,12/14/2022 0:00,12/30/2022 0:00,66464,0,AIRSTREAM,AIRSTREAM,0,AIRSTREAM,12/30/2022 0:00,120922
1STTFYL29PJ567739,8881687,,LIT06,LITHIA RV,NEWRV,2023,27FB INT,Other Mfg Company,4/12/2023 0:00,4/14/2023 0:00,107440,0,AIRSTREAM,AIRSTREAM,0,AIRSTREAM,4/14/2023 0:00,131002
1STCMAA15PJ567681,8881688,,LIT06,LITHIA RV,NEWRV,2023,19CB CAR,Other Mfg Company,4/5/2023 0:00,4/14/2023 0:00,62677,0,AIRSTREAM,AIRSTREAM,0,AIRSTREAM,4/14/2023 0:00,130618
1STJ9YJ21PJ568627,8980076,,LIT06,LITHIA RV,NEWRV,2023,25FB FLYC,Other Mfg Company,6/8/2023 0:00,6/13/2023 0:00,85987,0,AIRSTREAM,AIRSTREAM,0,AIRSTREAM,6/13/2023 0:00,137019
1SMG4DC11PJ208842,9028288,,LIT06,LITHIA RV,NEWRV,2023,BASECAMP 16,Other Mfg Company,,,44803,,,,0,AIRSTREAM,7/12/2023 0:00,
1B9GUWA28RJ307582,9000024,,LIT06,LITHIA RV,NEWRV,2024,INT 19,Other Mfg Company,6/21/2023 0:00,6/23/2023 0:00,177356,0,AIRSTREAM,AIRSTREAM,0,AIRSTREAM,6/23/2023 0:00,137843
PJ562900,8584379,,LIT06,LITHIA RV,NEWRV,2023,28RB FLYCL,Other Mfg Company,,,85265,,AIRSTREAM,AIRSTREAM,0,AIRSTREAM,10/3/2022 0:00,
1SMG4DD23PJ208560,8815136,,LIT06,LITHIA RV,NEWRV,2023,BASECAMP 20,Other Mfg Company,3/1/2023 0:00,3/6/2023 0:00,52036,0,AIRSTREAM,AIRSTREAM,0,AIRSTREAM,3/6/2023 0:00,127150
1B9GUWA24PJ310587,9012282,,LIT06,LITHIA RV,NEWRV,2023,INTERSTATE 19,Other Mfg Company,,,171644,,,,0,AIRSTREAM,6/30/2023 0:00,
1SMG4DC12PJ208199,8708882,,LIT06,LITHIA RV,NEWRV,2023,BASECAMP 16,Other Mfg Company,11/9/2022 0:00,12/21/2022 0:00,50708,0,AIRSTREAM,AIRSTREAM,0,AIRSTREAM,12/21/2022 0:00,118305
1B9GUWH23PJ310814,8844516,,LIT06,LITHIA RV,NEWRV,2023,INTERSTATE 24X,Other Mfg Company,3/22/2023 0:00,3/23/2023 0:00,192227,0,AIRSTREAM,AIRSTREAM,0,AIRSTREAM,3/23/2023 0:00,129040
1SMG4DD21PJ208444,8764651,,LIT06,LITHIA RV,NEWRV,2023,BASECAMP 20,Other Mfg Company,1/26/2023 0:00,1/31/2023 0:00,52036,0,AIRSTREAM,AIRSTREAM,0,AIRSTREAM,1/31/2023 0:00,123250
1B9GUWA2XRJ311343,9033411,,LIT06,LITHIA RV,NEWRV,2024,INT 19,Other Mfg Company,7/13/2023 0:00,7/14/2023 0:00,195096,0,AIRSTREAM,AIRSTREAM,0,AIRSTREAM,7/14/2023 0:00,139291
